# Blender 4.0.2
# www.blender.org
mtllib pohon low.mtl
o Icosphere.009
v 12.337198 9.248634 0.704842
v 15.439669 14.014961 0.704841
v 15.318489 8.890440 2.788351
v 15.012769 9.382603 3.528482
v 12.207397 10.811513 3.854527
v 13.244685 10.533474 4.258166
v 15.870831 8.824078 2.331076
v 15.870831 8.824078 -0.921393
v 15.318489 8.890440 -1.378668
v 10.306469 12.446000 1.438500
v 10.368515 12.036903 0.704842
v 11.506737 11.664729 3.536744
v 10.306469 12.446000 -0.028817
v 12.207396 10.811513 -2.444844
v 11.506737 11.664729 -2.127060
v 15.012769 9.382603 -2.118799
v 13.244684 10.533474 -2.848483
v 16.458620 9.324858 2.455501
v 16.458620 9.324858 -1.045818
v 17.146418 9.910845 1.614329
v 17.146418 9.910845 -0.204646
v 13.774577 11.009167 4.422460
v 15.509589 9.869372 3.701548
v 11.900897 13.274070 3.573790
v 10.262377 12.736723 1.269861
v 10.630449 13.352751 1.614329
v 11.318248 13.938738 2.455502
v 10.262377 12.736723 0.139822
v 10.630449 13.352751 -0.204646
v 11.900896 13.274070 -2.164107
v 11.318247 13.938738 -1.045818
v 13.774576 11.009167 -3.012777
v 15.509588 9.869372 -2.291865
v 15.875971 9.989526 3.573790
v 16.270130 11.598866 3.536744
v 17.470398 10.817595 1.438500
v 17.514490 10.526873 1.269861
v 12.267279 13.394223 3.701548
v 12.764098 13.880993 3.528482
v 14.002291 12.254429 4.422460
v 14.532183 12.730122 4.258166
v 11.906035 14.439518 2.331076
v 11.906035 14.439518 -0.921392
v 12.267278 13.394223 -2.291864
v 12.764098 13.880993 -2.118798
v 14.002290 12.254429 -3.012777
v 14.532182 12.730122 -2.848483
v 17.514490 10.526873 0.139822
v 17.470398 10.817595 -0.028817
v 16.270130 11.598866 -2.127061
v 15.875970 9.989526 -2.164107
v 17.408352 11.226692 0.704841
v 15.569471 12.452083 3.854527
v 12.458378 14.373156 2.788351
v 12.458378 14.373156 -1.378668
v 15.569470 12.452083 -2.444844
vn -0.3790 -0.8351 0.3987
vn -0.1193 -0.9929 -0.0000
vn -0.7920 -0.5592 0.2448
vn -0.7920 -0.5592 -0.2448
vn -0.3790 -0.8351 -0.3987
vn 0.6485 -0.7612 -0.0000
vn 0.0982 -0.4209 0.9018
vn -0.8205 0.1885 0.5396
vn -0.8205 0.1885 -0.5396
vn 0.0982 -0.4209 -0.9018
vn 0.8205 -0.1885 0.5396
vn -0.0982 0.4209 0.9018
vn -0.6485 0.7612 -0.0000
vn -0.0982 0.4209 -0.9018
vn 0.8205 -0.1885 -0.5396
vn 0.7920 0.5592 0.2448
vn 0.3790 0.8351 0.3987
vn 0.1193 0.9929 -0.0000
vn 0.3790 0.8351 -0.3987
vn 0.7920 0.5592 -0.2448
vn 0.4310 -0.6591 0.6163
vn 0.8584 -0.5129 -0.0000
vn 0.4310 -0.6591 -0.6163
vn 0.9887 0.1500 -0.0000
vn 0.3471 -0.0635 0.9357
vn 0.3471 -0.0635 -0.9357
vn -0.3471 0.0635 0.9357
vn -0.9887 -0.1500 -0.0000
vn -0.3471 0.0635 -0.9357
vn -0.4310 0.6591 0.6163
vn -0.8584 0.5129 -0.0000
vn -0.4310 0.6591 -0.6163
vt 0.181819 0.000000
vt 0.258518 0.132848
vt 0.230543 0.157461
vt 0.143620 0.157461
vt 0.110160 0.124118
vt 0.363637 0.000000
vt 0.440336 0.132848
vt 0.423503 0.157461
vt 0.303771 0.157461
vt 0.286938 0.132848
vt 0.836054 0.126506
vt 0.909091 0.000000
vt 0.980750 0.124118
vt 0.947040 0.157461
vt 0.851565 0.157461
vt 0.727273 0.000000
vt 0.800310 0.126506
vt 0.784799 0.157461
vt 0.689324 0.157461
vt 0.655614 0.124118
vt 0.468756 0.132848
vt 0.545455 0.000000
vt 0.617114 0.124118
vt 0.583654 0.157461
vt 0.496731 0.157461
vt 0.330157 0.256931
vt 0.299191 0.203297
vt 0.428083 0.203297
vt 0.397117 0.256931
vt 0.148631 0.200039
vt 0.234197 0.199497
vt 0.935531 0.254276
vt 0.882628 0.269085
vt 0.851662 0.215451
vt 0.842039 0.171056
vt 0.794325 0.171056
vt 0.784702 0.215451
vt 0.753736 0.269085
vt 0.700833 0.254276
vt 0.578643 0.200039
vt 0.493077 0.199497
vt 0.339780 0.301326
vt 0.330254 0.314921
vt 0.234779 0.314921
vt 0.246288 0.218106
vt 0.124098 0.272343
vt 0.129109 0.314921
vt 0.042185 0.314921
vt 0.038532 0.272885
vt 0.878048 0.314921
vt 0.758316 0.314921
vt 0.685088 0.314921
vt 0.598165 0.314921
vt 0.603176 0.272343
vt 0.688742 0.272885
vt 0.480986 0.218106
vt 0.492495 0.314921
vt 0.397020 0.314921
vt 0.387494 0.301326
vt 0.345765 0.345876
vt 0.272728 0.472382
vt 0.201069 0.348264
vt 0.090910 0.472382
vt 0.014210 0.339534
vt 0.162569 0.348264
vt 0.894881 0.339534
vt 0.818182 0.472382
vt 0.741483 0.339534
vt 0.713063 0.339534
vt 0.636364 0.472382
vt 0.564705 0.348264
vt 0.526205 0.348264
vt 0.454546 0.472382
vt 0.381509 0.345876
vt 0.183215 0.157461
vt 0.161395 0.139478
vt 0.175707 0.106581
vt 0.200644 0.092838
vt 0.226543 0.109942
vt 0.199573 0.157461
vt 0.341281 0.157461
vt 0.327651 0.129956
vt 0.399623 0.129956
vt 0.385993 0.157461
vt 0.544059 0.157461
vt 0.527701 0.157461
vt 0.500731 0.109942
vt 0.526630 0.092838
vt 0.551567 0.106581
vt 0.565879 0.139478
vt 0.392666 0.167935
vt 0.363637 0.182673
vt 0.334608 0.167935
vt 0.174980 0.266639
vt 0.147961 0.256278
vt 0.124768 0.216104
vt 0.233642 0.208255
vt 0.214412 0.245423
vt 0.602506 0.216104
vt 0.579313 0.256278
vt 0.552294 0.266639
vt 0.512862 0.245423
vt 0.493632 0.208255
vt 0.089514 0.314921
vt 0.073156 0.314921
vt 0.039086 0.264127
vt 0.058317 0.226959
vt 0.097749 0.205743
vt 0.795826 0.314921
vt 0.789153 0.304448
vt 0.818182 0.289709
vt 0.847211 0.304448
vt 0.840538 0.314921
vt 0.629525 0.205743
vt 0.668957 0.226959
vt 0.688187 0.264127
vt 0.654118 0.314921
vt 0.637760 0.314921
vt 0.046186 0.362440
vt 0.111334 0.332904
vt 0.097022 0.365801
vt 0.072085 0.379544
vt 0.854168 0.342426
vt 0.782196 0.342426
vt 0.681088 0.362440
vt 0.655189 0.379544
vt 0.630252 0.365801
vt 0.615940 0.332904
s 0
usemtl leaf_color
f 1/1/1 3/2/1 4/3/1 6/4/1 5/5/1
f 1/6/2 9/7/2 8/8/2 7/9/2 3/10/2
f 11/11/3 1/12/3 5/13/3 12/14/3 10/15/3
f 1/16/4 11/17/4 13/18/4 15/19/4 14/20/4
f 9/21/5 1/22/5 14/23/5 17/24/5 16/25/5
f 20/26/6 18/27/6 7/9/6 8/8/6 19/28/6 21/29/6
f 22/30/7 6/4/7 4/3/7 23/31/7
f 10/15/8 12/14/8 24/32/8 27/33/8 26/34/8 25/35/8
f 15/19/9 13/18/9 28/36/9 29/37/9 31/38/9 30/39/9
f 16/25/10 17/24/10 32/40/10 33/41/10
f 18/27/11 20/26/11 37/42/11 36/43/11 35/44/11 34/45/11
f 40/46/12 41/47/12 39/48/12 38/49/12
f 29/37/13 26/34/13 27/33/13 42/50/13 43/51/13 31/38/13
f 45/52/14 47/53/14 46/54/14 44/55/14
f 21/29/15 19/28/15 51/56/15 50/57/15 49/58/15 48/59/15
f 35/44/16 36/43/16 52/60/16 2/61/16 53/62/16
f 2/63/17 54/64/17 39/48/17 41/47/17 53/65/17
f 54/66/18 2/67/18 55/68/18 43/51/18 42/50/18
f 45/52/19 55/69/19 2/70/19 56/71/19 47/53/19
f 50/57/20 56/72/20 2/73/20 52/74/20 49/58/20
f 23/75/21 4/76/21 3/77/21 7/78/21 18/79/21 34/80/21
f 37/81/22 20/82/22 21/83/22 48/84/22
f 33/85/23 51/86/23 19/87/23 8/88/23 9/89/23 16/90/23
f 37/81/24 48/84/24 49/91/24 52/92/24 36/93/24
f 41/94/25 40/95/25 22/96/25 23/75/25 34/80/25 35/97/25 53/98/25
f 33/85/26 32/99/26 46/100/26 47/101/26 56/102/26 50/103/26 51/86/26
f 38/104/27 24/105/27 12/106/27 5/107/27 6/108/27 22/96/27 40/95/27
f 28/109/28 13/110/28 11/111/28 10/112/28 25/113/28
f 17/114/29 14/115/29 15/116/29 30/117/29 44/118/29 46/100/29 32/99/29
f 27/119/30 24/105/30 38/104/30 39/120/30 54/121/30 42/122/30
f 28/109/31 25/113/31 26/123/31 29/124/31
f 30/117/32 31/125/32 43/126/32 55/127/32 45/128/32 44/118/32
o tree_3
v 23.668911 -0.211571 1.168312
v 23.668911 -0.211571 -0.147868
v 24.983959 -0.156970 -0.147869
v 24.983959 -0.156970 1.168312
v 18.966303 13.450036 -6.558433
v 18.645470 13.554034 -6.441197
v 13.770830 11.277788 0.248678
v 13.929073 11.735815 0.275989
v 13.931832 11.737402 0.744013
v 22.748489 14.899512 0.735100
v 22.806185 14.969350 0.193716
v 23.179033 15.374559 0.279976
v 30.617107 8.728047 -1.821337
v 30.421972 9.109576 -1.665739
v 30.173124 9.119476 -2.074400
v 31.764034 15.219736 0.784812
v 31.435116 15.650616 0.784906
v 31.432173 15.646762 0.234693
v 28.897024 13.897000 -2.457120
v 28.890810 14.435018 -2.246400
v 28.325480 14.418631 -2.252622
v 20.247322 11.366681 -4.067980
v 20.800682 11.320163 -3.492905
v 20.248398 11.367846 -2.928524
v 23.580252 3.117381 1.184019
v 23.599360 3.028749 -0.152202
v 24.789452 2.888281 -0.108763
v 24.814095 3.074129 1.179834
v 22.503603 4.275067 1.116814
v 22.692648 4.068671 0.008838
v 22.665075 5.258351 0.062845
v 19.693243 5.501908 0.978606
v 20.415741 6.169205 0.060912
v 19.702221 5.491710 0.055120
v 20.417839 6.170982 0.965020
v 18.623207 8.739028 0.040333
v 19.492569 9.013693 0.968278
v 19.412693 9.212174 0.010314
v 19.279388 10.338181 0.175351
v 18.355873 11.575608 -4.069903
v 18.634544 13.254551 -6.599480
v 19.259235 11.837543 -4.536306
v 19.254160 12.586442 -4.048995
v 18.360731 12.619356 -4.104157
v 18.298416 9.236083 0.957667
v 18.293959 9.309246 -0.055378
v 13.762074 11.272100 0.771261
v 17.947941 10.448262 0.980961
v 18.228580 10.394431 -0.082049
v 24.101946 4.851258 1.390571
v 23.302259 5.022946 1.104986
v 23.119322 9.347029 2.886171
v 24.552519 4.780684 0.580659
v 23.485802 9.294255 2.201399
v 22.487499 9.484362 2.592025
v 22.912632 9.449592 1.932117
v 26.290218 12.347159 0.759617
v 25.681845 12.286855 0.669066
v 25.868679 12.153050 0.222592
v 23.112368 15.305035 0.824831
v 26.563490 12.209287 0.308848
v 25.140463 4.553833 -0.070107
v 25.202507 4.486167 0.545602
v 24.441675 4.840450 0.139157
v 27.691221 6.482170 -0.217946
v 27.492771 6.852612 -0.174025
v 27.972530 6.778908 -0.736989
v 30.403023 8.722776 -2.194419
v 28.603043 7.860357 -0.421567
v 28.457947 7.895334 -0.936675
v 28.074890 8.104769 0.007596
v 27.721033 7.157266 -0.682418
v 28.397429 12.088449 0.672839
v 28.207235 12.168543 0.183981
v 28.714088 12.348265 0.030770
v 28.943027 12.973357 -0.034480
v 28.980112 12.779485 0.606674
v 31.764832 15.222815 0.251413
v 29.096983 13.772580 0.781647
v 28.987465 13.499897 0.156781
v 28.377777 13.024177 -0.271656
v 28.363136 13.608139 -0.146163
v 28.323473 13.912746 -2.439517
v 19.707047 7.534881 -3.980095
v 20.372311 8.020811 -3.382200
v 19.741653 8.065756 -2.748989
v 19.760624 11.498330 -3.520178
v 23.614904 4.349546 -0.349812
v 23.538519 4.955719 0.381875
v 19.049862 7.580840 -3.342751
v 23.181519 5.713258 -0.943768
v 23.099247 4.452192 0.030082
v 23.944464 5.072939 0.071283
v 24.946877 0.548411 1.170828
v 24.941496 0.507838 -0.139331
v 23.653728 0.495823 -0.148815
v 23.649557 0.515172 1.171741
vn -0.3227 -0.1363 -0.9366
vn 0.0482 0.6630 -0.7471
vn 0.1823 -0.0156 -0.9831
vn 0.0186 -0.1482 -0.9888
vn 0.3218 0.9467 0.0171
vn 0.1512 0.9839 0.0952
vn -0.0008 -0.1181 0.9930
vn 0.3437 -0.2020 0.9171
vn 0.4147 0.8971 0.1525
vn 0.6345 0.1647 0.7552
vn 0.0618 0.9975 -0.0342
vn -0.0262 -0.1315 0.9910
vn -0.2816 -0.0490 -0.9583
vn 0.3511 0.8341 -0.4255
vn -0.6676 0.7186 -0.1949
vn 0.6291 -0.3110 0.7124
vn 0.2611 0.7396 0.6204
vn -0.9571 0.0378 -0.2873
vn -0.8632 -0.5039 -0.0326
vn -0.8900 0.4340 -0.1395
vn 0.0460 -0.1395 -0.9892
vn -0.1667 0.4655 -0.8692
vn 0.9497 0.3130 -0.0028
vn -0.0294 -0.0143 -0.9995
vn -0.9273 -0.3471 -0.1402
vn 0.9931 0.1129 0.0317
vn -0.9959 -0.0616 -0.0668
vn -0.0013 -0.8708 -0.4916
vn 0.0035 0.8828 0.4698
vn -0.0464 -0.8299 -0.5559
vn -0.9927 0.0827 -0.0879
vn -0.0797 -0.0293 -0.9964
vn -0.0359 0.0715 0.9968
vn 0.2974 0.9547 -0.0050
vn 0.2377 0.3462 -0.9076
vn 0.8822 0.0401 0.4691
vn 0.7454 -0.5028 0.4377
vn 0.1455 -0.6375 -0.7566
vn 0.1134 0.1132 -0.9871
vn 0.6718 0.7200 0.1741
vn 0.4958 -0.8245 -0.2728
vn -0.5275 -0.0491 -0.8481
vn 0.0986 -0.1839 0.9780
vn 0.0393 -0.0085 -0.9992
vn 0.0765 -0.9219 -0.3798
vn -0.0310 0.9311 0.3635
vn -0.7011 0.1455 0.6980
vn -0.7313 0.1022 -0.6743
vn 0.1078 0.8754 0.4712
vn 0.6056 -0.1481 -0.7819
vn 0.4024 0.8498 0.3405
vn 0.3725 0.9280 -0.0109
vn 0.0050 0.0302 -0.9995
vn -0.4156 -0.9078 0.0563
vn 0.0020 -0.0041 1.0000
vn 0.3581 0.0506 -0.9323
vn 0.9982 0.0581 -0.0166
vn 0.0217 0.0064 -0.9997
vn -0.9997 -0.0241 -0.0078
vn 0.1689 0.9856 -0.0012
vn -0.0095 0.3559 -0.9345
vn 0.7908 0.6120 -0.0020
vn 0.7227 0.5452 -0.4248
vn -0.7402 0.6723 0.0015
vn 0.3228 0.3397 0.8834
vn -0.9423 0.3347 -0.0043
vn -0.8158 0.2600 0.5166
vn 0.5336 -0.8257 -0.1829
vn -0.4422 0.5097 -0.7380
vn 0.5428 -0.2402 0.8048
vn 0.2958 0.3763 -0.8780
vn 0.0415 -0.9991 -0.0000
vn 0.9706 -0.2389 -0.0294
vn 0.9905 0.1256 -0.0566
vn 0.9213 -0.3542 -0.1604
vn -0.7419 -0.6703 0.0177
vn -0.1742 0.0154 0.9846
vn 0.1155 -0.3572 -0.9268
vn 0.0009 0.0030 1.0000
vn 0.0182 -0.0106 -0.9998
vn -0.9490 -0.3153 -0.0057
vn 0.9508 0.3095 -0.0152
vn 0.1226 0.9305 0.3452
vn -0.0459 -0.8658 -0.4984
vn -0.0711 0.8738 0.4810
vn 1.0000 0.0079 -0.0018
vn -0.9999 0.0042 -0.0130
vn -0.9941 0.0011 -0.1088
vn 0.4620 -0.6596 -0.5929
vn 0.9936 0.0661 -0.0912
vn -0.4043 -0.9133 -0.0480
vn -0.0285 0.0486 0.9984
vn -0.4160 -0.3613 0.8345
vn -0.0570 -0.0357 0.9977
vn 0.3038 0.9522 0.0320
vn -0.0581 0.0794 -0.9951
vn -0.9021 0.0012 -0.4315
vn -0.1763 0.6860 0.7059
vn 0.8746 0.0302 0.4839
vn 0.4761 0.3947 -0.7858
vn 0.1682 -0.6555 -0.7362
vn -0.7257 0.4959 -0.4769
vn -0.1122 -0.1462 0.9829
vn 0.7354 -0.3791 0.5617
vn -0.6669 -0.7358 -0.1174
vn 0.5919 -0.7937 -0.1405
vn 0.6713 0.7171 0.1876
vn 0.1102 0.1089 -0.9879
vn 0.1839 0.1187 0.9757
vn -0.5149 0.8197 0.2508
vn -0.2526 0.0229 -0.9673
vn -0.4474 0.8635 0.2328
vn -0.5705 0.1023 -0.8149
vn 0.5805 -0.0349 0.8135
vn 0.4651 -0.2006 0.8622
vn -0.9112 0.0118 0.4118
vn -0.4375 0.2040 -0.8758
vn 0.9341 0.0128 -0.3567
vn 0.6419 -0.7528 -0.1461
vn -0.6382 0.7608 -0.1180
vn -0.1854 0.3493 -0.9185
vn -0.0008 -0.0008 1.0000
vn -0.9998 -0.0159 0.0152
vn -0.0125 0.9332 0.3593
vn 0.9991 -0.0216 -0.0378
vn -0.0365 -0.9340 -0.3554
vn 0.7102 -0.1158 -0.6944
vn -0.6910 0.0810 -0.7183
vn 0.7071 -0.0692 0.7038
vn -0.3932 -0.8591 -0.3278
vn -0.7430 0.1642 0.6488
vn 0.7961 -0.0105 -0.6050
vn -0.6397 -0.0033 0.7686
vn 0.3775 0.8441 0.3807
vn 0.6624 0.0148 -0.7490
vn -0.9997 -0.0241 -0.0014
vn 0.0035 0.0057 -1.0000
vn 0.9983 0.0580 -0.0029
vn 0.0005 -0.0041 1.0000
s 0
usemtl Material.001
f 82//33 86//33 144//33
f 120//34 118//34 144//34
f 118//35 83//35 144//35
f 83//36 82//36 144//36
f 107//37 145//37 87//37
f 109//38 120//38 145//38
f 84//39 106//39 81//39
f 129//40 133//40 135//40
f 106//41 119//41 109//41
f 106//42 84//42 119//42
f 105//43 104//43 95//43
f 127//44 122//44 121//44
f 123//45 128//45 126//45
f 138//46 135//46 136//46
f 145//47 148//47 86//47
f 125//48 121//48 69//48
f 149//49 145//49 120//49
f 137//50 130//50 138//50
f 101//51 102//51 92//51
f 128//52 122//52 127//52
f 94//53 92//53 102//53
f 61//54 97//54 62//54
f 91//55 89//55 94//55
f 92//56 94//56 90//56
f 101//57 92//57 88//57
f 98//58 95//58 94//58
f 102//59 105//59 100//59
f 96//60 98//60 102//60
f 99//61 100//61 95//61
f 97//62 98//62 96//62
f 97//63 100//63 62//63
f 63//64 105//64 102//64
f 103//65 104//65 65//65
f 65//66 105//66 64//66
f 112//67 109//67 145//67
f 110//68 108//68 109//68
f 108//69 110//69 117//69
f 115//70 117//70 112//70
f 117//71 115//71 67//71
f 116//72 117//72 68//72
f 69//73 123//73 124//73
f 124//74 126//74 71//74
f 72//75 135//75 133//75
f 134//76 136//76 74//76
f 132//77 137//77 139//77
f 77//78 136//78 76//78
f 146//79 142//79 80//79
f 143//80 78//80 146//80
f 145//81 149//81 147//81
f 140//82 147//82 144//82
f 142//83 147//83 141//83
f 87//84 89//84 91//84 107//84
f 86//85 90//85 89//85 87//85
f 85//86 88//86 90//86 86//86
f 150//87 84//87 81//87 153//87
f 86//88 87//88 145//88
f 151//89 83//89 84//89 150//89
f 152//90 82//90 83//90 151//90
f 153//91 81//91 82//91 152//91
f 143//92 80//92 79//92 78//92
f 75//93 139//93 77//93 76//93
f 134//94 74//94 73//94 72//94
f 69//95 124//95 71//95 70//95
f 116//96 68//96 67//96 66//96
f 93//97 95//97 104//97 101//97
f 103//98 65//98 64//98 63//98
f 135//99 138//99 130//99 129//99
f 69//100 121//100 123//100
f 86//101 148//101 144//101
f 125//102 127//102 121//102
f 144//103 149//103 120//103
f 60//104 57//104 58//104 59//104
f 83//105 118//105 119//105 84//105
f 95//106 93//106 94//106
f 133//107 131//107 132//107
f 81//108 85//108 86//108 82//108
f 85//109 81//109 106//109 107//109
f 131//110 130//110 137//110 132//110
f 88//111 91//111 93//111 101//111
f 90//112 94//112 89//112
f 88//113 92//113 90//113
f 93//114 91//114 94//114
f 100//115 99//115 61//115 62//115
f 102//116 98//116 94//116
f 95//117 100//117 105//117
f 98//118 99//118 95//118
f 100//119 96//119 102//119
f 97//120 96//120 100//120
f 97//121 61//121 98//121
f 61//122 99//122 98//122
f 102//123 101//123 103//123 63//123
f 107//124 91//124 88//124 85//124
f 107//125 106//125 108//125 111//125
f 103//126 101//126 104//126
f 65//127 104//127 105//127
f 63//128 64//128 105//128
f 107//129 111//129 112//129 145//129
f 108//130 113//130 114//130 111//130
f 109//131 108//131 106//131
f 110//132 109//132 112//132
f 112//133 117//133 110//133
f 111//134 114//134 115//134 112//134
f 114//135 113//135 116//135 66//135
f 113//136 108//136 117//136
f 115//137 114//137 66//137 67//137
f 119//138 118//138 123//138 121//138
f 117//139 116//139 113//139
f 67//140 68//140 117//140
f 119//141 121//141 122//141 109//141
f 109//142 122//142 128//142 120//142
f 118//143 120//143 128//143 123//143
f 126//144 125//144 70//144 71//144
f 126//145 124//145 123//145
f 70//146 125//146 69//146
f 125//147 133//147 129//147 127//147
f 127//148 129//148 130//148 128//148
f 126//149 128//149 130//149 131//149
f 125//150 126//150 131//150 133//150
f 133//151 132//151 134//151 72//151
f 135//152 73//152 74//152 136//152
f 136//153 134//153 132//153
f 72//154 73//154 135//154
f 138//155 77//155 139//155 137//155
f 136//156 77//156 138//156
f 132//157 75//157 76//157 136//157
f 139//158 75//158 132//158
f 141//159 140//159 78//159 79//159
f 146//160 78//160 140//160
f 141//161 79//161 80//161 142//161
f 144//162 148//162 146//162 140//162
f 80//163 143//163 146//163
f 147//164 149//164 144//164
f 148//165 145//165 142//165 146//165
f 147//166 142//166 145//166
f 140//167 141//167 147//167
f 57//168 153//168 152//168 58//168
f 58//169 152//169 151//169 59//169
f 59//170 151//170 150//170 60//170
f 60//171 150//171 153//171 57//171
o Icosphere.011
v 24.578611 11.156672 1.665000
v 26.690672 13.256342 -3.051028
v 21.899672 15.368660 4.449105
v 24.011732 17.468330 -0.266923
v 21.989634 12.753622 3.408207
v 22.157391 13.036427 3.735582
v 25.672859 13.577826 4.457547
v 26.532991 14.016803 4.344725
v 26.954912 13.967928 3.872927
v 25.857212 13.738360 4.538107
v 27.557919 13.738893 2.947722
v 28.025280 12.686599 0.851762
v 21.580465 11.682114 -0.419124
v 20.635065 12.579337 1.190772
v 20.655718 12.767661 1.799975
v 21.504436 11.746988 -0.916592
v 22.333797 11.783427 -1.907948
v 23.855614 11.659215 -2.079049
v 25.201124 11.418280 -1.099502
v 22.386705 11.781101 -1.931073
v 28.068766 12.705585 0.785136
v 26.794735 12.126242 -1.372098
v 28.740129 14.346297 1.236599
v 28.585180 14.876688 1.520214
v 20.100546 14.253799 1.781488
v 19.796860 14.611570 0.634407
v 20.005163 13.748315 -0.122138
v 20.353245 12.826405 -0.085897
v 19.850214 14.278705 0.161478
v 22.346684 11.816692 -1.939130
v 26.256544 16.841576 3.306024
v 26.243660 16.808310 3.337206
v 26.203638 16.843903 3.329150
v 21.635429 14.657074 -2.474850
v 21.032425 14.886109 -1.549645
v 28.237099 15.798597 1.483974
v 27.955278 16.045666 0.207304
v 28.489796 14.371203 -0.383411
v 28.793484 14.013433 0.763670
v 27.934626 15.857341 -0.401898
v 24.734730 16.965788 3.477125
v 23.389219 17.206724 2.497578
v 27.085907 16.878014 2.314669
v 27.009878 16.942890 1.817200
v 20.521578 15.919418 0.612941
v 20.565063 15.938404 0.546315
v 21.795609 16.498760 2.770175
v 22.733131 14.886642 -3.140030
v 22.057350 14.608200 -2.946648
v 22.917484 15.047177 -3.059470
v 26.432953 15.588577 -2.337505
v 26.600710 15.871380 -2.010130
vn -0.0197 -0.7516 0.6593
vn 0.4481 -0.7549 0.4789
vn -0.3554 -0.8895 0.2870
vn -0.0936 -0.9890 -0.1147
vn 0.4067 -0.9135 0.0051
vn 0.8304 -0.0540 0.5546
vn -0.9283 -0.3451 0.1381
vn -0.3514 -0.5642 -0.7471
vn 0.3514 0.5642 0.7471
vn -0.8304 0.0539 -0.5546
vn 0.9283 0.3451 -0.1381
vn 0.0936 0.9890 0.1147
vn -0.4067 0.9135 -0.0051
vn -0.4481 0.7549 -0.4789
vn 0.0197 0.7516 -0.6593
vn 0.3554 0.8895 -0.2870
vn 0.7266 0.2986 0.6188
vn 0.6807 0.7325 -0.0085
vn 0.8045 -0.4392 0.3999
vn 0.8142 -0.4570 -0.3581
vn 0.7423 0.2697 -0.6134
vn 0.1225 0.3481 0.9294
vn 0.2585 -0.7939 -0.5504
vn 0.1465 0.3042 -0.9413
vn -0.2585 0.7939 0.5504
vn -0.1465 -0.3042 0.9413
vn -0.1225 -0.3481 -0.9294
vn -0.8142 0.4570 0.3581
vn -0.7423 -0.2697 0.6134
vn -0.6807 -0.7325 0.0085
vn -0.7266 -0.2986 -0.6188
vn -0.8045 0.4392 -0.3999
vt 0.120524 0.106167
vt 0.181819 0.000000
vt 0.251259 0.120275
vt 0.129927 0.119892
vt 0.294197 0.120275
vt 0.363637 0.000000
vt 0.433133 0.120372
vt 0.364151 0.157461
vt 0.328509 0.157461
vt 0.308837 0.152739
vt 0.294193 0.130050
vt 0.841328 0.117370
vt 0.909091 0.000000
vt 0.970386 0.106167
vt 0.917209 0.157461
vt 0.896626 0.157461
vt 0.727273 0.000000
vt 0.795036 0.117370
vt 0.791792 0.135719
vt 0.755548 0.157461
vt 0.753684 0.157461
vt 0.707437 0.140378
vt 0.677520 0.086175
vt 0.560614 0.139285
vt 0.476424 0.123278
vt 0.475959 0.120372
vt 0.545455 0.000000
vt 0.595208 0.086175
vt 0.424584 0.209358
vt 0.411210 0.232522
vt 0.929360 0.235518
vt 0.896706 0.272791
vt 0.879129 0.263024
vt 0.865755 0.239860
vt 0.858988 0.191038
vt 0.754832 0.159570
vt 0.300287 0.312812
vt 0.301004 0.314921
vt 0.299139 0.314921
vt 0.783054 0.314921
vt 0.818696 0.314921
vt 0.442081 0.314921
vt 0.404443 0.281344
vt 0.442161 0.199591
vt 0.474815 0.236864
vt 0.462664 0.314921
vt 0.272728 0.472382
vt 0.222975 0.386207
vt 0.252892 0.332004
vt 0.337247 0.336663
vt 0.340491 0.355012
vt 0.090910 0.472382
vt 0.021413 0.352010
vt 0.021878 0.349104
vt 0.106069 0.333097
vt 0.140663 0.386207
vt 0.748738 0.342332
vt 0.763382 0.319643
vt 0.887678 0.352010
vt 0.818182 0.472382
vt 0.748742 0.352107
vt 0.705804 0.352107
vt 0.636364 0.472382
vt 0.575069 0.366215
vt 0.584472 0.352490
vt 0.515841 0.366215
vt 0.454546 0.472382
vt 0.386783 0.355012
vt 0.234293 0.156545
vt 0.232710 0.157461
vt 0.115362 0.157461
vt 0.118007 0.134078
vt 0.175650 0.037345
vt 0.211558 0.051510
vt 0.245217 0.109810
vt 0.319371 0.114022
vt 0.300239 0.109810
vt 0.333898 0.051510
vt 0.382880 0.066751
vt 0.913649 0.031945
vt 0.955126 0.101775
vt 0.864431 0.082876
vt 0.862713 0.080331
vt 0.891066 0.031221
vt 0.700165 0.046953
vt 0.745298 0.031221
vt 0.773651 0.080331
vt 0.715245 0.157461
vt 0.636364 0.157461
vt 0.526314 0.146021
vt 0.514653 0.069428
vt 0.572563 0.046953
vt 0.539846 0.157461
vt 0.242529 0.209768
vt 0.181819 0.314921
vt 0.105167 0.182154
vt 0.234284 0.158734
vt 0.697074 0.262614
vt 0.736420 0.215952
vt 0.559712 0.290228
vt 0.553559 0.283125
vt 0.260700 0.314921
vt 0.281875 0.256430
vt 0.099014 0.189258
vt 0.085301 0.314921
vt 0.688829 0.313648
vt 0.687255 0.314921
vt 0.569907 0.314921
vt 0.290753 0.441161
vt 0.245620 0.425429
vt 0.319106 0.392051
vt 0.071769 0.326361
vt 0.118018 0.425429
vt 0.060107 0.402954
vt 0.788443 0.420872
vt 0.754784 0.362572
vt 0.773916 0.358360
vt 0.837425 0.405631
vt 0.688838 0.315837
vt 0.699762 0.362572
vt 0.666103 0.420872
vt 0.630195 0.435037
vt 0.572552 0.338304
vt 0.459104 0.440436
vt 0.436521 0.441161
vt 0.408168 0.392051
vt 0.409886 0.389506
vt 0.500581 0.370607
s 0
usemtl leaf_color
f 158/129/172 154/130/172 160/131/172 159/132/172
f 160/133/173 154/134/173 165/135/173 164/136/173 162/137/173 161/138/173 163/139/173
f 166/140/174 154/141/174 158/142/174 168/143/174 167/144/174
f 154/145/175 166/146/175 169/147/175 170/148/175 173/149/175 171/150/175 172/151/175
f 175/152/176 174/153/176 165/154/176 154/155/176 172/156/176
f 164/136/177 176/157/177 177/158/177 162/137/177
f 167/144/178 168/143/178 178/159/178 179/160/178 182/161/178 180/162/178 181/163/178
f 183/164/179 173/149/179 170/148/179
f 185/165/180 184/166/180 186/167/180
f 187/168/181 180/162/181 182/161/181 188/169/181
f 190/170/182 189/171/182 177/158/182 176/157/182 192/172/182 191/173/182 193/174/182
f 157/175/183 195/176/183 194/177/183 186/167/183 184/166/183 196/178/183 197/179/183
f 157/180/184 199/181/184 198/182/184 200/183/184 195/184/184
f 201/185/185 202/186/185 187/168/185 188/169/185 199/187/185 157/188/185 203/189/185
f 203/190/186 157/191/186 205/192/186 204/193/186
f 205/194/187 157/195/187 197/196/187 190/170/187 193/174/187
f 184/197/188 185/198/188 161/199/188 162/200/188 177/201/188 189/202/188 196/203/188
f 197/204/189 196/205/189 189/206/189 190/207/189
f 176/208/190 164/209/190 165/210/190 174/211/190 192/212/190
f 191/213/191 192/214/191 174/215/191 175/216/191 155/217/191
f 205/218/192 193/219/192 191/220/192 155/217/192 204/221/192
f 194/222/193 156/223/193 163/224/193 161/199/193 185/198/193 186/225/193
f 171/226/194 155/217/194 175/216/194 172/227/194
f 155/217/195 201/228/195 203/229/195 204/221/195
f 200/230/196 156/223/196 194/222/196 195/231/196
f 160/232/197 163/224/197 156/223/197 159/233/197
f 155/217/198 171/226/198 173/234/198 183/235/198 202/236/198 201/228/198
f 179/237/199 178/238/199 156/223/199 200/230/199 198/239/199
f 158/240/200 159/233/200 156/223/200 178/241/200 168/242/200
f 181/243/201 169/244/201 166/245/201 167/246/201
f 170/247/202 169/248/202 181/249/202 180/250/202 187/251/202 202/236/202 183/235/202
f 182/252/203 179/253/203 198/254/203 199/255/203 188/256/203
o Icosphere.013
v 21.628311 14.028793 -4.311310
v 21.406206 10.302784 -1.392644
v 17.129778 9.938171 -1.116122
v 16.170792 9.170635 -5.692400
v 17.979515 14.137569 -1.235971
v 17.981195 14.097984 -1.208457
v 18.521961 15.483389 -5.457480
v 17.811672 15.390930 -4.544756
v 17.937439 14.167086 -1.278619
v 17.724718 15.021133 -3.442248
v 22.933916 10.216999 -5.944299
v 22.963409 9.801355 -5.782245
v 22.662830 10.378596 -6.625002
v 20.842751 13.010483 -8.690756
v 20.773138 13.344344 -8.392199
v 18.595465 15.039052 -6.853060
v 17.828724 14.113571 -1.301593
v 15.516789 14.132488 -4.346857
v 17.456596 15.262539 -4.324026
v 15.093414 13.522087 -3.548002
v 17.927050 14.048486 -1.204546
v 22.858841 9.550062 -5.975487
v 20.402233 7.490766 -3.931832
v 20.523634 7.426665 -4.316881
v 22.647617 9.664783 -6.503400
v 21.345327 9.383177 -7.572925
v 20.579292 12.797081 -8.877603
v 20.079613 10.221003 -8.822185
v 17.373251 13.006650 -8.649223
v 18.177614 14.690972 -7.157979
v 16.583204 13.429672 -8.129754
v 16.438984 13.025726 -8.494508
v 14.957365 13.079540 -3.581766
v 20.197069 7.328466 -4.056876
v 20.294802 7.293357 -4.319574
v 19.945868 8.694284 -7.868660
v 19.382591 9.583811 -8.771844
v 17.636293 12.963492 -8.691109
v 18.435579 10.633182 -8.720916
v 15.744144 13.872704 -5.468517
v 16.101009 12.990634 -7.788263
v 16.416491 12.998829 -8.489571
v 16.291130 12.929414 -8.324196
v 14.985266 12.631856 -4.209598
v 20.204815 7.281643 -4.203940
v 19.404228 9.074242 -8.417658
v 16.360800 12.358191 -8.189282
v 16.584675 12.512855 -8.496037
vn 0.5722 0.4843 0.6618
vn 0.3003 0.8970 0.3245
vn 0.9324 0.1868 0.3094
vn 0.8772 0.4085 -0.2523
vn 0.4833 0.8412 -0.2424
vn -0.4721 0.8031 0.3634
vn 0.0638 0.0091 0.9979
vn 0.7527 -0.5685 0.3320
vn 0.6464 -0.1415 -0.7498
vn -0.1051 0.6869 -0.7191
vn -0.6464 0.1415 0.7498
vn 0.1051 -0.6869 0.7191
vn 0.4721 -0.8031 -0.3634
vn -0.0638 -0.0091 -0.9979
vn -0.7527 0.5685 -0.3320
vn -0.8772 -0.4085 0.2523
vn -0.4833 -0.8412 0.2424
vn -0.3003 -0.8970 -0.3245
vn -0.5722 -0.4843 -0.6618
vn -0.9324 -0.1868 -0.3094
vn -0.0097 0.6654 -0.7464
vn 0.9185 -0.0853 -0.3861
vn 0.4103 -0.5087 -0.7569
vn -0.1641 -0.0437 -0.9855
vn -0.4793 0.8287 -0.2891
vn -0.7220 -0.2412 -0.6485
vn -0.1514 0.9407 0.3036
vn 0.4793 -0.8287 0.2891
vn -0.9183 0.3019 -0.2561
vn -0.4103 0.5087 0.7569
vt 0.181819 0.000000
vt 0.271865 0.155966
vt 0.270802 0.157461
vt 0.090910 0.157461
vt 0.363637 0.000000
vt 0.431862 0.118170
vt 0.402245 0.149750
vt 0.360486 0.157461
vt 0.275559 0.157461
vt 0.273591 0.155966
vt 0.827905 0.140620
vt 0.909091 0.000000
vt 1.000000 0.157461
vt 0.831879 0.157461
vt 0.727273 0.000000
vt 0.808459 0.140620
vt 0.786080 0.157461
vt 0.649388 0.157461
vt 0.646205 0.140416
vt 0.477230 0.118170
vt 0.545455 0.000000
vt 0.626523 0.140416
vt 0.516572 0.156137
vt 0.275982 0.163097
vt 0.394280 0.167065
vt 0.386449 0.269636
vt 0.352832 0.296206
vt 0.181819 0.314921
vt 0.270777 0.160840
vt 0.825749 0.170568
vt 0.916741 0.301671
vt 0.902105 0.302821
vt 0.805745 0.179002
vt 0.769157 0.242376
vt 0.702163 0.271430
vt 0.646410 0.174861
vt 0.520392 0.184613
vt 0.565282 0.277785
vt 0.541633 0.308301
vt 0.529673 0.287586
vt 0.344972 0.314921
vt 0.007650 0.301671
vt 0.006456 0.314921
vt 0.903029 0.314921
vt 0.763721 0.314921
vt 0.702483 0.314921
vt 0.652743 0.314921
vt 0.572913 0.270347
vt 0.513942 0.314921
vt 0.428519 0.279635
vt 0.541292 0.309872
vt 0.534468 0.314921
vt 0.272728 0.472382
vt 0.346447 0.344695
vt 0.090910 0.472382
vt 0.002310 0.318922
vt 0.006456 0.314921
vt 0.906781 0.318922
vt 0.818182 0.472382
vt 0.738387 0.334171
vt 0.558592 0.337676
vt 0.559951 0.321711
vt 0.716159 0.334171
vt 0.636364 0.472382
vt 0.532318 0.337676
vt 0.454546 0.472382
vt 0.380827 0.344695
vt 0.362213 0.157461
vt 0.341033 0.157461
vt 0.349166 0.053786
vt 0.358873 0.042208
vt 0.372022 0.042387
vt 0.432769 0.119742
vt 0.437244 0.127492
vt 0.861310 0.122888
vt 0.882880 0.110926
vt 0.886686 0.135197
vt 0.875340 0.145174
vt 0.864606 0.141593
vt 0.689623 0.079720
vt 0.749083 0.110600
vt 0.703092 0.137641
vt 0.677385 0.123615
vt 0.670313 0.104328
vt 0.460326 0.156468
vt 0.471848 0.127492
vt 0.476323 0.119742
vt 0.561504 0.119966
vt 0.478721 0.157461
vt 0.460939 0.157461
vt 0.320707 0.240564
vt 0.313855 0.228696
vt 0.311095 0.193303
vt 0.438577 0.162202
vt 0.405066 0.243164
vt 0.386680 0.275008
vt 0.481082 0.169815
vt 0.461703 0.164114
vt 0.297873 0.261405
vt 0.782449 0.238251
vt 0.787298 0.249965
vt 0.777471 0.250576
vt 0.774317 0.246799
vt 0.774666 0.242315
vt 0.416096 0.309506
vt 0.400716 0.305950
vt 0.454849 0.180887
vt 0.436697 0.294821
vt 0.253830 0.328613
vt 0.252330 0.326701
vt 0.252880 0.325203
vt 0.254877 0.324114
vt 0.258449 0.326214
s 0
usemtl leaf_color
f 206/257/204 210/258/204 211/259/204 207/260/204
f 206/261/205 212/262/205 213/263/205 215/264/205 214/265/205 210/266/205
f 216/267/206 206/268/206 207/269/206 217/270/206
f 206/271/207 216/272/207 218/273/207 219/274/207 220/275/207
f 212/276/208 206/277/208 220/278/208 221/279/208
f 222/280/209 214/265/209 215/264/209 224/281/209 223/282/209 225/283/209
f 208/284/210 207/260/210 211/259/210 226/285/210
f 227/286/211 217/270/211 207/269/211 228/287/211 229/288/211
f 219/274/212 218/273/212 230/289/212 231/290/212 233/291/212 232/292/212
f 235/293/213 234/294/213 237/295/213 236/296/213
f 225/283/214 238/297/214 208/284/214 226/285/214 222/280/214
f 228/298/215 207/260/215 208/284/215 239/299/215
f 230/289/216 227/286/216 229/288/216 240/300/216 241/301/216 231/290/216
f 233/291/217 242/302/217 244/303/217 243/304/217 232/292/217
f 246/305/218 245/306/218 236/296/218 237/295/218 247/307/218 248/308/218
f 209/309/219 208/284/219 238/297/219 249/310/219
f 209/311/220 250/312/220 239/313/220 208/284/220
f 250/314/221 209/315/221 251/316/221 241/301/221 240/300/221
f 252/317/222 253/318/222 244/303/222 242/302/222 251/319/222 209/320/222
f 252/321/223 209/322/223 249/323/223 246/305/223 248/308/223
f 235/324/224 221/325/224 220/326/224 219/327/224 232/328/224 243/329/224 234/330/224
f 230/331/225 218/332/225 216/333/225 217/334/225 227/335/225
f 233/336/226 231/337/226 241/338/226 251/339/226 242/340/226
f 237/341/227 234/342/227 243/343/227 244/344/227 253/345/227 247/346/227
f 224/347/228 213/348/228 212/349/228 221/325/228 235/324/228 236/350/228 245/351/228 223/352/228
f 253/345/229 252/353/229 248/354/229 247/346/229
f 213/348/230 224/347/230 215/355/230
f 229/356/231 228/357/231 239/358/231 250/359/231 240/360/231
f 238/361/232 225/362/232 223/352/232 245/351/232 246/363/232 249/364/232
f 226/365/233 211/366/233 210/367/233 214/368/233 222/369/233
o Icosphere.015
v 33.452728 8.570252 -4.131639
v 33.081161 10.637299 -1.234890
v 33.573391 7.089602 -0.479873
v 32.153748 5.502334 -4.036695
v 30.784134 8.069125 -6.989919
v 31.552538 8.846883 0.650377
v 30.979353 5.673336 -1.081256
v 29.255512 6.278709 -5.104652
v 28.763281 9.826406 -5.859670
v 30.182926 11.413674 -2.302848
v 28.883945 8.345757 -2.207903
v 30.675079 10.870192 -5.416451
v 31.131193 9.990688 -5.941426
v 31.437143 11.140867 -5.215366
v 31.398193 11.228319 -5.162887
v 31.315821 11.248714 -5.153856
vn 0.0372 0.5263 -0.8495
vn 0.9895 0.1426 0.0251
vn 0.8098 0.5218 -0.2684
vn 0.9025 -0.3879 -0.1871
vn 0.7193 -0.3236 -0.6148
vn 0.6857 0.2493 -0.6839
vn 0.2444 0.9688 0.0411
vn 0.6265 0.2444 0.7401
vn 0.4275 -0.8767 0.2206
vn 0.0470 -0.7430 -0.6676
vn -0.0639 0.4869 -0.8711
vn -0.0470 0.7430 0.6676
vn 0.0639 -0.4869 0.8711
vn -0.2444 -0.9688 -0.0411
vn -0.6265 -0.2444 -0.7401
vn -0.4275 0.8767 -0.2206
vn -0.7193 0.3236 0.6148
vn -0.6857 -0.2493 0.6839
vn -0.8098 -0.5218 0.2684
vn -0.9895 -0.1426 -0.0251
vn -0.9025 0.3879 0.1871
vt 0.826257 0.404548
vt 0.825951 0.407482
vt 0.824755 0.408688
vt 0.809321 0.394945
vt 0.821374 0.380480
vt 0.272728 0.157461
vt 0.090910 0.157461
vt 0.181819 0.000000
vt 0.363637 0.000000
vt 0.451083 0.151463
vt 0.450235 0.157461
vt 0.909091 0.000000
vt 1.000000 0.157461
vt 0.818182 0.157461
vt 0.636364 0.157461
vt 0.727273 0.000000
vt 0.458009 0.151463
vt 0.545455 0.000000
vt 0.526274 0.157461
vt 0.363637 0.314921
vt 0.451334 0.163025
vt 0.181819 0.314921
vt 0.909091 0.314921
vt 0.727273 0.314921
vt 0.545455 0.314921
vt 0.478455 0.198873
vt 0.000000 0.314921
vt 0.272728 0.472382
vt 0.090910 0.472382
vt 0.818182 0.472382
vt 0.636364 0.472382
vt 0.454546 0.472382
s 0
usemtl leaf_color
f 269/370/234 268/371/234 267/372/234 266/373/234 265/374/234
f 255/375/235 256/376/235 254/377/235
f 255/375/236 254/378/236 267/379/236 268/380/236
f 254/381/237 256/382/237 257/383/237
f 258/384/238 254/385/238 257/383/238
f 267/386/239 254/387/239 258/384/239 266/388/239
f 263/389/240 255/375/240 268/380/240 269/390/240
f 255/375/241 259/391/241 256/376/241
f 257/383/242 256/382/242 260/392/242
f 258/384/243 257/383/243 261/393/243
f 266/388/244 258/384/244 262/394/244 265/395/244
f 263/389/245 259/391/245 255/375/245
f 260/396/246 256/376/246 259/391/246
f 257/383/247 260/392/247 261/393/247
f 262/394/248 258/384/248 261/393/248
f 265/395/249 262/394/249 263/389/249 269/390/249
f 263/389/250 264/397/250 259/391/250
f 260/396/251 259/391/251 264/398/251
f 261/393/252 260/392/252 264/399/252
f 262/394/253 261/393/253 264/400/253
f 262/394/254 264/401/254 263/389/254
o tree_2
v -20.193398 6.653039 1.605868
v -19.954281 6.653039 1.605868
v -19.954281 6.701808 1.839958
v -20.193398 6.701808 1.839958
v -19.545519 4.585051 3.417406
v -19.760960 4.583745 3.418673
v -19.757536 4.806737 3.414234
v -19.551834 4.820529 3.390203
v -17.176678 6.529237 0.460013
v -16.997885 6.729919 0.354453
v -16.851076 6.729919 0.603110
v -13.565481 5.989694 -1.171410
v -13.451516 5.989694 -0.872899
v -13.534616 6.296588 -0.841173
v -13.648581 6.296589 -1.139684
v -18.258820 4.148258 -0.451345
v -18.013622 4.413459 -0.395376
v -17.950340 4.270291 -0.064414
v -19.632406 4.525791 1.549353
v -19.838575 4.757092 1.284696
v -19.498182 5.041687 1.258424
v -19.318649 4.818750 1.555206
v -19.869486 4.696535 1.826639
v -20.068146 4.924973 1.613056
v -19.926939 5.369339 1.753518
v -19.751591 5.117329 1.909300
v -17.276438 2.550256 0.102225
v -17.192284 2.538793 -0.376379
v -18.196323 4.006779 -0.109678
v -17.266754 3.499467 -0.401586
v -16.617537 1.984881 -0.317449
v -16.610075 1.908935 0.155889
v -17.085772 1.892009 0.160405
v -17.084690 1.983575 -0.314054
v -16.489960 2.719734 -0.318262
v -16.495247 2.696182 0.162315
v -16.926195 2.841304 0.164517
v -16.899609 2.882301 -0.332857
v -15.853197 4.936370 -0.323696
v -15.856372 4.936670 0.164533
v -16.318132 5.086100 0.168317
v -16.317642 5.085453 -0.318404
v -20.198004 5.421126 1.784353
v -19.968481 5.535987 1.985854
v -20.194195 5.492481 2.028894
v -19.989208 4.984964 2.281971
v -20.168795 4.958376 2.297514
v -20.154881 5.192896 2.263286
v -20.012283 5.223361 2.239275
v -16.263304 5.543725 0.358517
v -16.519552 5.554039 -0.033620
v -16.228966 5.863617 -0.205801
v -15.991631 5.889020 0.197282
v -16.656616 6.074848 0.497722
v -16.813494 6.075797 0.235865
v -16.624416 6.286498 0.124176
v -16.469278 6.288835 0.387040
v -17.029869 6.529237 0.708670
v -15.561526 5.295866 -0.484874
v -15.379588 5.307909 -0.067310
v -15.524098 5.754252 -0.004146
v -15.657122 5.759530 -0.439739
v -14.385065 5.735345 -0.859555
v -14.380766 6.035028 -0.514826
v -14.499548 6.033758 -0.816491
v -14.286243 5.730491 -0.553853
v -16.689535 0.288466 -0.326507
v -16.688408 0.276979 0.169460
v -17.184101 0.297540 0.170142
v -17.183937 0.311390 -0.325994
v -16.598665 0.258240 -0.418879
v -15.837538 0.005062 -0.078119
v -16.951994 -0.000246 -1.192593
v -16.060465 0.079216 -0.639555
v -16.153194 0.046778 -0.874813
v -16.163952 0.003507 -0.866170
v -16.386881 0.077661 -0.965976
v -15.837538 0.005062 -0.078119
v -16.599350 0.248518 0.260195
v -16.951998 -0.000247 1.036349
v -16.060669 0.076369 0.482600
v -16.153313 0.045142 0.718162
v -16.387087 0.074814 0.809020
v -16.163956 0.003507 0.709930
v -17.294029 0.259778 0.278059
v -18.066454 -0.005555 -0.078124
v -16.951998 -0.000247 1.036349
v -17.840218 0.072159 0.487828
v -17.748898 0.039993 0.721165
v -17.740038 -0.004001 0.709926
v -17.513802 0.073714 0.814250
v -16.951994 -0.000246 -1.192593
v -18.066454 -0.005555 -0.078124
v -17.296152 0.271089 -0.436187
v -17.740036 -0.004000 -0.866174
v -17.749250 0.041897 -0.877729
v -17.840837 0.075472 -0.644627
v -17.514420 0.077027 -0.971048
vn 0.0639 0.0717 -0.9954
vn 0.0866 -0.0161 -0.9961
vn -0.0069 -0.1129 -0.9936
vn -0.1121 -0.3699 0.9223
vn 0.0035 -0.0049 1.0000
vn 0.0098 -0.0096 0.9999
vn -0.1984 0.0291 0.9797
vn -0.1156 -0.3268 -0.9380
vn 0.8571 0.4788 -0.1902
vn 0.4167 0.0943 0.9041
vn -0.6369 0.1810 -0.7494
vn -0.9944 -0.0964 0.0436
vn 0.8462 -0.3207 0.4256
vn -0.0477 0.3148 -0.9480
vn 0.8517 0.5165 0.0881
vn -0.1913 0.0201 0.9813
vn 0.0347 -0.0235 -0.9991
vn 0.7687 0.6273 0.1244
vn -0.3547 -0.0012 -0.9350
vn 0.3570 0.0001 0.9341
vn -0.9630 -0.2473 -0.1069
vn 0.5173 -0.5783 0.6308
vn 0.5837 0.7791 0.2286
vn -0.4981 0.5660 -0.6569
vn -0.5631 -0.7916 -0.2372
vn 0.8973 0.2784 -0.3426
vn -0.5985 0.7190 0.3533
vn 0.9874 -0.1572 -0.0186
vn -0.2953 0.1188 -0.9480
vn 0.4359 0.0085 0.8999
vn -0.9870 -0.1430 -0.0728
vn 0.0573 0.0691 0.9960
vn -0.0000 0.9790 -0.2040
vn 0.3100 0.9507 0.0068
vn -0.5213 -0.8423 0.1371
vn 0.1814 0.9779 -0.1036
vn 0.6518 -0.7491 -0.1184
vn -0.9219 -0.2824 0.2652
vn 0.0172 0.6230 0.7820
vn -0.6801 -0.7233 -0.1196
vn -0.5346 0.4638 -0.7065
vn 0.6921 0.6967 0.1885
vn 0.4753 -0.3855 0.7909
vn -0.8296 -0.5477 -0.1087
vn 0.1623 -0.0133 -0.9866
vn 0.7756 0.5913 0.2208
vn 0.9989 -0.0451 -0.0129
vn -0.1986 0.0171 0.9799
vn 0.1159 0.1014 -0.9881
vn 0.0054 0.0069 1.0000
vn -0.9982 0.0604 0.0053
vn -0.0039 0.0064 -1.0000
vn 0.9614 -0.2752 0.0018
vn 0.7964 0.2628 0.5447
vn 0.0057 -0.0029 1.0000
vn -0.9659 0.2585 -0.0160
vn 0.0104 -0.0008 -0.9999
vn -0.0729 -0.1289 -0.9890
vn 0.9965 0.0151 0.0818
vn 0.0784 0.1387 0.9872
vn -1.0000 0.0033 0.0071
vn 0.0517 -0.9384 -0.3416
vn -0.9335 0.0652 0.3526
vn -0.0710 0.9352 0.3470
vn 0.9304 0.0036 -0.3666
vn -0.6780 -0.6047 0.4179
vn -0.5789 0.0917 -0.8102
vn 0.5277 0.7769 -0.3434
vn 0.4297 0.0844 0.8990
vn -0.6261 -0.6858 0.3712
vn -0.5165 0.0096 -0.8563
vn 0.6100 0.7042 -0.3633
vn 0.5006 0.0094 0.8656
vn 0.3150 -0.9423 -0.1129
vn 0.4059 0.0048 0.9139
vn -0.2061 0.9756 0.0757
vn -0.3129 0.0236 -0.9495
vn -0.2592 0.9608 0.0985
vn 0.3618 -0.0072 0.9322
vn 0.2602 -0.9604 -0.0994
vn -0.3557 0.0003 -0.9346
vn 0.0048 -1.0000 -0.0000
vn -0.3315 0.9434 0.0082
vn 0.0095 0.9490 0.3151
vn 0.2204 0.9491 -0.2249
vn 0.9175 -0.1435 -0.3710
vn 0.3730 -0.1173 -0.9204
vn 0.9175 -0.1430 0.3711
vn 0.2121 0.9529 0.2166
vn 0.3733 -0.1118 0.9210
vn -0.2335 0.9450 0.2290
vn -0.9198 -0.1236 0.3725
vn -0.3701 -0.1526 0.9164
vn -0.3700 -0.1554 -0.9160
vn -0.9192 -0.1282 -0.3723
vn -0.2431 0.9402 -0.2386
vn 0.0106 0.9447 -0.3276
s 0
usemtl Material.001
f 297//255 307//255 304//255
f 300//256 297//256 304//256
f 300//257 303//257 297//257
f 319//258 310//258 309//258
f 306//259 302//259 305//259
f 302//260 301//260 305//260
f 302//261 306//261 296//261
f 311//262 328//262 308//262
f 295//263 294//263 313//263
f 330//264 322//264 319//264
f 320//265 321//265 311//265
f 312//266 317//266 314//266
f 315//267 292//267 295//267
f 293//268 312//268 294//268
f 306//269 307//269 299//269
f 287//270 296//270 306//270
f 299//271 297//271 285//271
f 287//272 299//272 286//272
f 332//273 334//273 284//273
f 283//274 335//274 282//274
f 303//275 302//275 296//275 297//275
f 287//276 291//276 288//276 298//276
f 287//277 286//277 290//277 291//277
f 285//278 289//278 290//278 286//278
f 298//279 288//279 289//279 285//279
f 281//280 284//280 283//280 282//280
f 278//281 327//281 280//281 279//281
f 305//282 301//282 300//282 304//282
f 311//283 321//283 331//283 328//283
f 309//284 329//284 330//284 319//284
f 317//285 312//285 293//285 316//285
f 274//286 277//286 276//286 275//286
f 270//287 273//287 272//287 271//287
f 341//288 343//288 340//288 336//288 337//288 348//288 350//288 347//288
f 315//289 316//289 293//289 292//289
f 322//290 330//290 331//290 321//290
f 308//291 328//291 329//291 309//291
f 310//292 319//292 320//292 311//292
f 318//293 313//293 314//293 317//293
f 289//294 288//294 292//294 293//294
f 290//295 289//295 293//295 294//295
f 290//296 294//296 295//296 291//296
f 291//297 295//297 292//297 288//297
f 296//298 298//298 285//298 297//298
f 297//299 299//299 307//299
f 287//300 306//300 299//300
f 336//301 300//301 301//301 337//301
f 287//302 298//302 296//302
f 285//303 286//303 299//303
f 337//304 301//304 302//304 338//304
f 338//305 302//305 303//305 339//305
f 339//306 303//306 300//306 336//306
f 304//307 308//307 309//307 305//307
f 318//308 315//308 295//308 313//308
f 305//309 309//309 310//309 306//309
f 306//310 310//310 311//310 307//310
f 304//311 307//311 311//311 308//311
f 312//312 270//312 271//312 294//312
f 313//313 294//313 271//313 272//313
f 313//314 272//314 273//314 314//314
f 314//315 273//315 270//315 312//315
f 315//316 274//316 275//316 316//316
f 316//317 275//317 276//317 317//317
f 318//318 317//318 276//318 277//318
f 315//319 318//319 277//319 274//319
f 320//320 319//320 323//320 324//320
f 320//321 324//321 325//321 321//321
f 322//322 321//322 325//322 326//322
f 322//323 326//323 323//323 319//323
f 323//324 327//324 278//324 324//324
f 324//325 278//325 279//325 325//325
f 325//326 279//326 280//326 326//326
f 323//327 326//327 280//327 327//327
f 329//328 328//328 332//328 335//328
f 329//329 335//329 333//329 330//329
f 331//330 330//330 333//330 334//330
f 331//331 334//331 332//331 328//331
f 333//332 283//332 284//332 334//332
f 283//333 333//333 335//333
f 335//334 332//334 281//334 282//334
f 281//335 332//335 284//335
f 362//336 364//336 361//336 342//336 345//336 341//336 347//336 353//336 349//336 356//336 359//336 355//336
f 355//337 357//337 354//337 338//337 339//337 363//337 366//337 362//337
f 349//338 352//338 348//338 337//338 338//338 354//338 360//338 356//338
f 340//339 343//339 344//339 346//339
f 341//340 345//340 344//340 343//340
f 342//341 346//341 344//341 345//341
f 347//342 350//342 351//342 353//342
f 348//343 352//343 351//343 350//343
f 349//344 353//344 351//344 352//344
f 354//345 357//345 358//345 360//345
f 355//346 359//346 358//346 357//346
f 356//347 360//347 358//347 359//347
f 361//348 364//348 365//348 367//348
f 362//349 366//349 365//349 364//349
f 363//350 367//350 365//350 366//350
f 361//351 367//351 363//351 339//351 336//351 340//351 346//351 342//351
o tree_1
v 1.305337 8.062636 0.250001
v 1.305337 8.062636 -0.249999
v 1.746514 8.297931 -0.250000
v 1.746514 8.297931 0.250000
v -2.813286 4.714870 -3.834929
v -2.313286 4.714870 -3.834929
v -2.313286 5.196049 -3.699036
v -2.813286 5.196049 -3.699036
v 3.371713 6.770665 1.992257
v 2.871713 6.770665 1.992257
v 2.871713 7.129730 1.644303
v 3.371713 7.129730 1.644303
v -2.313286 5.215797 2.344202
v -2.813286 5.215797 2.344202
v -2.813286 5.426528 1.890779
v -2.313286 5.426528 1.890779
v -2.313286 7.517569 2.133344
v -2.813286 7.517569 2.133344
v -2.813286 7.464246 1.636195
v -2.313286 7.464246 1.636195
v -2.813286 3.783993 -0.538819
v -2.313286 3.783993 -0.538819
v -2.313286 4.265172 -0.402926
v -2.813286 4.265172 -0.402926
v -2.813286 4.182940 -1.951438
v -2.313286 4.182940 -1.951438
v -2.313286 4.664120 -1.815545
v -2.813286 4.664120 -1.815545
v -2.813286 4.315923 -2.422311
v -2.313286 4.315923 -2.422311
v -2.313286 4.797102 -2.286418
v -2.813286 4.797102 -2.286418
v -2.813286 4.448905 -2.893183
v -2.313286 4.448905 -2.893183
v -2.313286 4.930084 -2.757290
v -2.813286 4.930084 -2.757290
v -2.813286 4.581888 -3.364056
v -2.313286 4.581888 -3.364056
v -2.313286 5.063067 -3.228163
v -2.813286 5.063067 -3.228163
v -0.726611 3.248053 0.250000
v -0.726611 3.248053 -0.250000
v -0.623259 3.737254 -0.250000
v -0.623259 3.737254 0.250000
v -2.142874 3.547263 0.250000
v -2.142874 3.547263 -0.250000
v -2.039522 4.036465 -0.250000
v -2.039522 4.036465 0.250000
v 2.673155 5.497977 0.250000
v 2.673155 5.497977 -0.250000
v 3.114332 5.733271 -0.250000
v 3.114332 5.733271 0.250000
v 1.989246 6.780307 0.250000
v 1.989246 6.780307 -0.250000
v 2.430423 7.015601 -0.250000
v 2.430423 7.015601 0.250000
v 1.761276 7.207750 0.250000
v 1.761276 7.207750 -0.250000
v 2.202453 7.443045 -0.250000
v 2.202453 7.443045 0.250000
v 1.533307 7.635193 0.250000
v 1.533307 7.635193 -0.249999
v 1.974483 7.870487 -0.250000
v 1.974483 7.870487 0.250000
v 0.331510 3.397348 -0.250000
v 0.331510 3.397348 0.250000
v 0.093936 3.837301 0.250000
v 0.093936 3.837301 -0.250000
v 2.824930 4.743796 -0.250000
v 2.824930 4.743796 0.250000
v 2.587356 5.183749 0.250000
v 2.587356 5.183749 -0.250000
v -0.278532 0.469783 0.250000
v -0.278533 0.469783 -0.250000
v 0.220576 0.499622 -0.250000
v 0.220577 0.499622 0.250000
v -0.423423 2.893295 0.250001
v -0.423424 2.893295 -0.249999
v 0.075685 2.923134 -0.250000
v 0.075686 2.923134 0.250000
v 3.371713 5.302317 0.477024
v 2.871713 5.302317 0.477024
v 2.871713 5.661382 0.129070
v 3.371713 5.661382 0.129070
v 3.371713 6.183326 1.386164
v 2.871713 6.183326 1.386164
v 2.871713 6.542391 1.038209
v 3.371713 6.542391 1.038209
v 3.371713 6.476996 1.689210
v 2.871713 6.476996 1.689210
v 2.871713 6.836061 1.341256
v 3.371713 6.836061 1.341256
v -2.313286 3.922660 0.492801
v -2.813286 3.922660 0.492801
v -2.813286 4.337061 0.213030
v -2.313286 4.337061 0.213030
v -2.313286 4.875702 1.904461
v -2.813286 4.875702 1.904461
v -2.813286 5.290103 1.624690
v -2.313286 5.290103 1.624690
v -2.313286 5.781773 2.319521
v -2.813286 5.781773 2.319521
v -2.813286 5.728450 1.822372
v -2.313286 5.728450 1.822372
v -2.313286 6.215723 2.272976
v -2.813286 6.215723 2.272976
v -2.813286 6.162400 1.775828
v -2.313286 6.162400 1.775828
v -2.313286 6.649671 2.226432
v -2.813286 6.649671 2.226432
v -2.813286 6.596348 1.729284
v -2.313286 6.596348 1.729284
v -2.313286 7.083620 2.179888
v -2.813286 7.083620 2.179888
v -2.813286 7.030297 1.682739
v -2.313286 7.030297 1.682739
v 2.673155 5.497977 0.250000
v 2.673155 5.497977 -0.250000
v 3.114332 5.733271 -0.250000
v 3.114332 5.733271 0.250000
v 3.371713 5.661382 0.129070
v 2.871713 5.661382 0.129070
v 2.871713 5.302317 0.477024
v 3.371713 5.302317 0.477024
v -1.097983 -0.001587 0.446212
v -0.446209 -0.000645 1.097985
v -0.677417 0.240334 0.662775
v -0.446212 -0.000645 -1.097983
v -1.097984 -0.001587 -0.446209
v -0.677418 0.240334 -0.662773
v 1.097983 0.001587 -0.446212
v 0.446209 0.000645 -1.097985
v 0.664069 0.247886 -0.678622
v 0.664071 0.247885 0.678621
v 0.446212 0.000645 1.097983
v 1.097984 0.001587 0.446209
vn -0.0000 0.9624 0.2718
vn 0.4695 0.6144 0.6341
vn 1.0000 -0.0000 -0.0000
vn -0.0000 -0.9624 -0.2718
vn -1.0000 -0.0000 -0.0000
vn -0.4339 0.8136 0.3869
vn 0.7146 -0.6996 -0.0000
vn -0.1382 0.9904 -0.0000
vn -0.0000 -0.0000 1.0000
vn -0.6584 0.1798 0.7308
vn 0.4490 0.5000 0.7406
vn -0.0000 -0.0000 -1.0000
vn -0.0000 0.9943 -0.1066
vn -0.0000 0.6959 0.7181
vn 0.8801 -0.4748 -0.0000
vn -0.0000 0.2718 -0.9624
vn -0.1341 0.6896 0.7116
vn 0.2416 -0.9662 0.0898
vn -0.4695 -0.6144 -0.6341
vn -0.0000 1.0000 -0.0000
vn -0.0000 0.9933 -0.1159
vn 0.2841 -0.9588 -0.0000
vn 0.8295 -0.2996 -0.4713
vn -0.4162 -0.9056 0.0820
vn 0.4339 -0.8136 -0.3869
vn -0.0137 0.8679 0.4966
vn -0.0000 -0.7734 -0.6339
vn -0.7602 -0.6497 -0.0000
vn 0.7025 0.7102 -0.0458
vn -0.2105 -0.3529 0.9117
vn -0.4706 0.8824 -0.0000
vn -0.9647 0.2634 -0.0000
vn 0.7162 0.0214 -0.6976
vn 0.3274 -0.4038 0.8542
vn -0.2067 -0.9784 -0.0000
vn 0.2067 0.9784 -0.0000
vn -0.8824 -0.4706 -0.0000
vn 0.8824 0.4706 -0.0000
vn 0.4751 -0.8799 -0.0000
vn -0.4751 0.8799 -0.0000
vn 0.0014 -1.0000 -0.0000
vn 0.4936 0.8697 -0.0000
vn -0.0137 0.8679 -0.4966
vn -0.9982 -0.0597 -0.0000
vn 0.9982 0.0597 -0.0000
vn -0.0000 -0.7181 0.6959
vn -0.0000 0.7181 -0.6959
vn -0.0000 -0.8288 0.5595
vn -0.0000 0.8288 -0.5595
vn -0.0000 -0.7910 0.6118
vn -0.0000 0.8899 -0.4562
vn -0.0000 0.0436 0.9991
vn -0.0000 -0.2210 -0.9753
vn -0.0000 0.1066 0.9943
vn -0.0000 -0.1066 -0.9943
vn -0.6074 0.5129 0.6067
vn -0.6074 0.5129 -0.6067
vn 0.6120 0.5000 -0.6127
vn 0.6120 0.5000 0.6127
vn -0.4986 0.8668 -0.0000
vt 0.000000 0.000000
s 0
usemtl Material.001
f 402/402/352 403/402/352 399/402/352 398/402/352
f 419/402/353 448/402/353 451/402/353
f 401/402/354 402/402/354 398/402/354 397/402/354
f 400/402/355 401/402/355 397/402/355 396/402/355
f 399/402/356 396/402/356 392/402/356 395/402/356
f 398/402/352 399/402/352 395/402/352 394/402/352
f 397/402/354 398/402/354 394/402/354 393/402/354
f 396/402/355 397/402/355 393/402/355 392/402/355
f 450/402/357 416/402/357 419/402/357
f 437/402/358 436/402/358 448/402/358
f 410/402/359 411/402/359 434/402/359 435/402/359
f 411/402/360 408/402/360 444/402/360
f 438/402/361 449/402/361 416/402/361
f 395/402/356 392/402/356 388/402/356 391/402/356
f 394/402/352 395/402/352 391/402/352 390/402/352
f 393/402/354 394/402/354 390/402/354 389/402/354
f 447/402/360 433/402/360 444/402/360
f 433/402/360 434/402/360 444/402/360
f 434/402/360 411/402/360 444/402/360
f 392/402/355 393/402/355 389/402/355 388/402/355
f 460/402/362 415/402/362 463/402/362
f 409/402/363 446/402/363 445/402/363
f 387/402/364 386/402/364 385/402/364 384/402/364
f 379/402/365 378/402/365 377/402/365 376/402/365
f 439/402/363 417/402/363 418/402/363 436/402/363
f 446/402/366 432/402/366 433/402/366 447/402/366
f 435/402/363 446/402/363 410/402/363
f 446/402/363 409/402/363 410/402/363
f 435/402/363 432/402/363 446/402/363
f 375/402/367 374/402/367 373/402/367 372/402/367
f 449/402/368 490/402/368 489/402/368 416/402/368
f 416/402/369 489/402/369 488/402/369 419/402/369
f 419/402/370 488/402/370 491/402/370 448/402/370
f 416/402/371 484/402/371 485/402/371 417/402/371
f 390/402/372 391/402/372 462/402/372 463/402/372
f 391/402/356 388/402/356 461/402/356 462/402/356
f 417/402/371 485/402/371 486/402/371 418/402/371
f 418/402/373 486/402/373 487/402/373 450/402/373
f 436/402/374 418/402/374 451/402/374 448/402/374
f 388/402/375 413/402/375 412/402/375 461/402/375
f 450/402/376 487/402/376 484/402/376 416/402/376
f 443/402/377 440/402/377 494/402/377 493/402/377 502/402/377 501/402/377
f 388/402/378 389/402/378 413/402/378
f 408/402/379 409/402/379 445/402/379 444/402/379
f 414/402/380 390/402/380 463/402/380 415/402/380
f 438/402/381 437/402/381 448/402/381 449/402/381
f 371/402/382 370/402/382 369/402/382 368/402/382
f 438/402/383 416/402/383 417/402/383 439/402/383
f 389/402/384 390/402/384 414/402/384 413/402/384
f 448/402/371 491/402/371 490/402/371 449/402/371
f 412/402/385 415/402/385 460/402/385 461/402/385
f 450/402/371 419/402/371 451/402/371 418/402/371
f 403/402/356 400/402/356 396/402/356 399/402/356
f 404/402/355 405/402/355 401/402/355 400/402/355
f 405/402/354 406/402/354 402/402/354 401/402/354
f 406/402/352 407/402/352 403/402/352 402/402/352
f 407/402/356 404/402/356 400/402/356 403/402/356
f 372/402/355 373/402/355 405/402/355 404/402/355
f 373/402/354 374/402/354 406/402/354 405/402/354
f 374/402/352 375/402/352 407/402/352 406/402/352
f 375/402/356 372/402/356 404/402/356 407/402/356
f 412/402/386 413/402/386 409/402/386 408/402/386
f 413/402/363 414/402/363 410/402/363 409/402/363
f 414/402/387 415/402/387 411/402/387 410/402/387
f 415/402/360 412/402/360 408/402/360 411/402/360
f 420/402/388 421/402/388 485/402/388 484/402/388
f 421/402/363 422/402/363 486/402/363 485/402/363
f 422/402/389 423/402/389 487/402/389 486/402/389
f 423/402/360 420/402/360 484/402/360 487/402/360
f 424/402/388 425/402/388 421/402/388 420/402/388
f 425/402/363 426/402/363 422/402/363 421/402/363
f 426/402/389 427/402/389 423/402/389 422/402/389
f 427/402/360 424/402/360 420/402/360 423/402/360
f 428/402/388 429/402/388 425/402/388 424/402/388
f 429/402/363 430/402/363 426/402/363 425/402/363
f 430/402/389 431/402/389 427/402/389 426/402/389
f 431/402/360 428/402/360 424/402/360 427/402/360
f 368/402/388 369/402/388 429/402/388 428/402/388
f 369/402/363 370/402/363 430/402/363 429/402/363
f 370/402/389 371/402/389 431/402/389 430/402/389
f 371/402/360 368/402/360 428/402/360 431/402/360
f 436/402/390 437/402/390 433/402/390 432/402/390
f 437/402/360 438/402/360 434/402/360 433/402/360
f 438/402/391 439/402/391 435/402/391 434/402/391
f 439/402/363 436/402/363 432/402/363 435/402/363
f 493/402/392 492/402/392 496/402/392 495/402/392 499/402/392 498/402/392 503/402/392 502/402/392
f 442/402/393 443/402/393 501/402/393 503/402/393 498/402/393 500/402/393
f 441/402/394 442/402/394 500/402/394 499/402/394 495/402/394 497/402/394
f 444/402/395 445/402/395 441/402/395 440/402/395
f 445/402/363 446/402/363 442/402/363 441/402/363
f 446/402/396 447/402/396 443/402/396 442/402/396
f 447/402/360 444/402/360 440/402/360 443/402/360
f 452/402/397 453/402/397 490/402/397 491/402/397
f 453/402/356 454/402/356 489/402/356 490/402/356
f 454/402/398 455/402/398 488/402/398 489/402/398
f 455/402/354 452/402/354 491/402/354 488/402/354
f 456/402/397 457/402/397 453/402/397 452/402/397
f 457/402/356 458/402/356 454/402/356 453/402/356
f 458/402/398 459/402/398 455/402/398 454/402/398
f 459/402/354 456/402/354 452/402/354 455/402/354
f 376/402/397 377/402/397 457/402/397 456/402/397
f 377/402/356 378/402/356 458/402/356 457/402/356
f 378/402/398 379/402/398 459/402/398 458/402/398
f 379/402/354 376/402/354 456/402/354 459/402/354
f 464/402/399 465/402/399 461/402/399 460/402/399
f 465/402/356 466/402/356 462/402/356 461/402/356
f 466/402/400 467/402/400 463/402/400 462/402/400
f 467/402/354 464/402/354 460/402/354 463/402/354
f 380/402/401 381/402/401 465/402/401 464/402/401
f 381/402/356 382/402/356 466/402/356 465/402/356
f 382/402/402 383/402/402 467/402/402 466/402/402
f 383/402/354 380/402/354 464/402/354 467/402/354
f 468/402/403 469/402/403 381/402/403 380/402/403
f 469/402/356 470/402/356 382/402/356 381/402/356
f 470/402/404 471/402/404 383/402/404 382/402/404
f 471/402/354 468/402/354 380/402/354 383/402/354
f 472/402/405 473/402/405 469/402/405 468/402/405
f 473/402/356 474/402/356 470/402/356 469/402/356
f 474/402/406 475/402/406 471/402/406 470/402/406
f 475/402/354 472/402/354 468/402/354 471/402/354
f 476/402/405 477/402/405 473/402/405 472/402/405
f 477/402/356 478/402/356 474/402/356 473/402/356
f 478/402/406 479/402/406 475/402/406 474/402/406
f 479/402/354 476/402/354 472/402/354 475/402/354
f 480/402/405 481/402/405 477/402/405 476/402/405
f 481/402/356 482/402/356 478/402/356 477/402/356
f 482/402/406 483/402/406 479/402/406 478/402/406
f 483/402/354 480/402/354 476/402/354 479/402/354
f 384/402/405 385/402/405 481/402/405 480/402/405
f 385/402/356 386/402/356 482/402/356 481/402/356
f 386/402/406 387/402/406 483/402/406 482/402/406
f 387/402/354 384/402/354 480/402/354 483/402/354
f 492/402/407 493/402/407 494/402/407
f 495/402/408 496/402/408 497/402/408
f 498/402/409 499/402/409 500/402/409
f 501/402/410 502/402/410 503/402/410
f 440/402/411 441/402/411 497/402/411 496/402/411 492/402/411 494/402/411
o tree_1.001
v -2.712149 9.875287 1.072273
v -3.548526 6.317956 -1.410203
v -2.345859 6.059978 2.382964
v -1.509481 9.617309 4.865439
v -1.490376 6.317956 -0.741458
v -2.511985 5.878187 -0.468120
v -1.471678 6.279513 -0.682472
v -3.368253 5.957399 -0.855368
v -5.118281 6.317956 0.750331
v -5.038939 6.278191 0.729685
v -5.285276 6.467835 0.931478
v -5.430204 6.972956 0.966834
v -4.418972 8.058846 -0.777788
v -4.946325 8.083172 -0.059868
v -2.544694 7.942245 -1.410203
v -0.806230 8.210807 -0.899262
v -1.198469 8.289477 -1.042508
v -0.571448 7.741241 -0.728683
v -3.930909 8.286815 -0.890594
v -0.531496 7.740808 -0.673836
v -0.737185 8.234164 -0.796642
v -3.586330 9.655751 4.137708
v -3.567631 9.617309 4.196695
v -1.689755 9.977866 4.310605
v -2.546023 10.057078 3.923357
v -0.019068 9.657073 2.725553
v 0.060273 9.617309 2.704906
v -5.337798 8.886397 2.202220
v -5.336010 8.895758 2.414404
v -5.363990 8.749256 2.503900
v -5.467586 8.206832 1.829989
v -5.377330 8.679409 1.796177
v -4.251777 7.724458 4.354499
v -4.320823 7.701100 4.251878
v -4.526512 8.194457 4.129072
v -4.486560 8.194023 4.183919
v -3.859539 7.645787 4.497745
v -2.513314 7.993020 4.865439
v -0.639036 7.876418 4.233025
v -1.127099 7.648449 4.345831
v -0.111682 7.852093 3.515105
v 0.227268 9.467429 2.523759
v 0.372196 8.962309 2.488403
v 0.319322 7.255856 1.659059
v 0.409578 7.728432 1.625247
v 0.278002 7.039507 1.040833
v 0.279790 7.048868 1.253017
v 0.305982 7.186008 0.951337
vn 0.1876 -0.7947 -0.5774
vn -0.4911 -0.7947 -0.3568
vn -0.7946 -0.1876 -0.5774
vn 0.3035 -0.1876 -0.9342
vn -0.3035 0.1876 -0.9342
vn 0.7946 0.1876 -0.5774
vn -0.1876 0.7947 0.5774
vn 0.4911 0.7947 0.3568
vn -0.9822 0.1876 -0.0000
vn -0.7946 -0.1876 0.5774
vn -0.3035 0.1876 0.9342
vn 0.3035 -0.1876 0.9342
vn 0.7946 0.1876 0.5774
vn 0.9822 -0.1876 -0.0000
vn -0.4620 0.8076 -0.3667
vn -0.0350 0.7874 -0.6155
vn 0.3210 0.8536 -0.4103
vn 0.1234 0.9899 -0.0703
vn -0.3665 0.9297 -0.0379
vn -0.7168 0.4581 0.5257
vn 0.9486 -0.1617 0.2722
vn 0.0350 -0.7874 0.6155
vn 0.4620 -0.8076 0.3667
vn -0.1234 -0.9899 0.0703
vn 0.3665 -0.9297 0.0379
vn -0.3210 -0.8536 0.4103
vn -0.8889 -0.2804 0.3623
vn -0.9486 0.1617 -0.2722
vn 0.7168 -0.4581 -0.5257
vn 0.8889 0.2804 -0.3623
vt 0.636364 0.157461
vt 0.534917 0.157461
vt 0.533229 0.154492
vt 0.576504 0.123502
vt 0.620289 0.129618
vt 0.761554 0.157461
vt 0.652439 0.129618
vt 0.758585 0.154390
vt 0.773025 0.164614
vt 0.778359 0.188721
vt 0.726089 0.241705
vt 0.684332 0.240544
vt 0.493763 0.225387
vt 0.591609 0.234979
vt 0.526263 0.251551
vt 0.506701 0.247796
vt 0.660938 0.251424
vt 0.500907 0.248911
vt 0.490582 0.225366
vt 0.078684 0.317890
vt 0.080372 0.314921
vt 0.181819 0.314921
vt 0.165744 0.342764
vt 0.121959 0.348880
vt 0.197894 0.342764
vt 0.307009 0.314921
vt 0.304040 0.317992
vt 0.840430 0.280039
vt 0.821396 0.270160
vt 0.822981 0.247607
vt 0.854573 0.273494
vt 0.850377 0.280485
vt 0.945127 0.247016
vt 0.955451 0.223471
vt 0.961246 0.224586
vt 0.948308 0.246995
vt 0.137064 0.237403
vt 0.039217 0.246995
vt 0.052155 0.224586
vt 0.071718 0.220831
vt 0.206393 0.220958
vt 0.229787 0.231838
vt 0.318480 0.307768
vt 0.271544 0.230677
vt 0.323814 0.283661
vt 0.385885 0.192343
vt 0.395832 0.191897
vt 0.400028 0.198888
vt 0.368436 0.224775
vt 0.366851 0.202222
vt 0.970056 0.105595
vt 0.958007 0.134720
vt 0.920810 0.157461
vt 0.838920 0.157461
vt 0.823054 0.149022
vt 0.909091 0.000000
vt 0.120854 0.105595
vt 0.181819 0.000000
vt 0.258651 0.133079
vt 0.190870 0.145222
vt 0.294540 0.155007
vt 0.286805 0.133079
vt 0.363637 0.000000
vt 0.443535 0.138390
vt 0.443116 0.143727
vt 0.436725 0.157461
vt 0.298998 0.157461
vt 0.545455 0.000000
vt 0.607678 0.107775
vt 0.578893 0.146779
vt 0.465557 0.138390
vt 0.727273 0.000000
vt 0.813310 0.149022
vt 0.809114 0.157461
vt 0.703672 0.157461
vt 0.665050 0.107775
vt 0.702244 0.162414
vt 0.809931 0.171752
vt 0.753519 0.269461
vt 0.750997 0.271353
vt 0.386113 0.275991
vt 0.430588 0.198959
vt 0.466265 0.314921
vt 0.384375 0.314921
vt 0.713196 0.339303
vt 0.636364 0.472382
vt 0.575399 0.366787
vt 0.645415 0.327160
vt 0.515511 0.366787
vt 0.454546 0.472382
vt 0.368509 0.323360
vt 0.503462 0.337662
vt 0.124348 0.325603
vt 0.153133 0.364607
vt 0.090910 0.472382
vt 0.011011 0.333992
vt 0.358765 0.323360
vt 0.272728 0.472382
vt 0.210505 0.364607
vt 0.249127 0.314921
vt 0.354569 0.314921
vt 0.898080 0.333992
vt 0.818182 0.472382
vt 0.741350 0.339303
vt 0.749085 0.317375
vt 0.753543 0.314921
vt 0.891270 0.314921
vt 0.897661 0.328655
vt 0.840658 0.196391
vt 0.885132 0.273423
vt 0.355386 0.300630
vt 0.247699 0.309968
vt 0.296452 0.201029
vt 0.298974 0.202921
s 0
usemtl leaf_color
f 505/403/412 508/404/412 510/405/412 509/406/412 511/407/412
f 512/408/413 505/403/413 511/409/413 513/410/413
f 505/403/414 512/408/414 514/411/414 515/412/414 517/413/414 516/414/414
f 521/415/415 508/404/415 505/403/415 518/416/415 520/417/415 519/418/415
f 505/403/416 516/414/416 522/419/416 518/416/416
f 521/415/417 519/418/417 524/420/417 523/421/417
f 525/422/418 526/423/418 507/424/418 527/425/418 528/426/418
f 527/427/419 507/424/419 530/428/419 529/429/419
f 531/430/420 535/431/420 534/432/420 533/433/420 532/434/420
f 538/435/421 537/436/421 536/437/421 539/438/421
f 541/439/422 507/424/422 526/423/422 539/440/422 536/441/422 540/442/422
f 543/443/423 542/444/423 507/424/423 541/439/423
f 545/445/424 530/428/424 507/424/424 542/444/424 544/446/424 546/447/424
f 550/448/425 549/449/425 551/450/425 548/451/425 547/452/425
f 522/453/426 516/454/426 517/455/426 535/456/426 531/457/426 504/458/426
f 522/459/427 504/460/427 520/461/427 518/462/427
f 519/463/428 520/464/428 504/465/428 529/466/428 530/467/428 545/468/428 524/469/428
f 504/470/429 528/471/429 527/472/429 529/473/429
f 504/474/430 531/475/430 532/476/430 525/477/430 528/478/430
f 526/479/431 525/477/431 532/476/431 533/480/431 538/481/431 539/482/431
f 548/483/432 546/484/432 544/485/432 547/486/432
f 540/487/433 506/488/433 543/489/433 541/490/433
f 543/491/434 506/492/434 550/493/434 547/486/434 544/485/434 542/494/434
f 511/495/435 509/496/435 506/497/435 513/498/435
f 550/499/436 506/500/436 509/501/436 510/502/436 549/503/436
f 513/504/437 506/505/437 540/506/437 536/507/437 537/508/437 514/509/437 512/510/437
f 533/480/438 534/511/438 515/512/438 514/509/438 537/508/438 538/481/438
f 535/456/439 517/455/439 515/512/439 534/511/439
f 551/513/440 549/503/440 510/502/440 508/514/440 521/515/440 523/516/440
f 523/516/441 524/469/441 545/468/441 546/484/441 548/483/441 551/513/441
o tree_1.004
v -1.002129 5.155485 -3.053530
v -1.087751 5.780864 -1.250572
v -3.206891 5.004812 -4.231256
v -3.292513 5.630191 -2.428298
v -1.161345 6.862473 -2.341375
v -1.172686 7.153873 -3.114809
v -1.763714 6.060709 -4.386647
v -1.363401 7.112964 -3.484006
v -1.217991 7.199983 -3.195137
v -2.182220 3.834719 -3.821525
v -2.076527 3.732113 -3.647485
v -1.961453 5.909175 -4.548582
v -2.191332 3.893605 -3.860374
v -2.030587 3.506963 -3.085827
v -1.500207 3.817967 -2.058296
v -1.541724 3.945203 -1.519870
v -1.593587 5.290578 -1.079805
v -1.600273 3.947904 -1.482105
v -1.992450 4.667377 -1.016786
v -3.133297 3.923203 -3.140454
v -2.538407 3.988031 -3.889941
v -2.530928 4.724967 -1.095182
v -2.931241 3.672712 -1.997823
v -3.076651 3.585693 -2.286691
v -3.121957 3.631803 -2.367020
v -2.218115 7.053563 -1.834344
v -2.264055 7.278713 -2.396002
v -2.794435 6.967709 -3.423533
v -2.752918 6.840474 -3.961958
v -2.333189 4.876501 -0.933247
v -2.112422 6.950957 -1.660304
v -2.103310 6.892071 -1.621455
v -2.246741 4.858185 -0.927654
v -1.756235 6.797646 -1.591887
v -2.026531 6.907900 -1.627420
v -2.701055 5.495097 -4.402024
v -2.302192 6.118299 -4.465043
v -2.694369 6.837772 -3.999724
v -2.047900 5.927491 -4.554174
v -2.268112 3.877777 -3.854409
vn 0.9962 0.0856 0.0176
vn 0.8840 0.0612 -0.4634
vn 0.7303 -0.2939 -0.6167
vn 0.8193 -0.5059 -0.2698
vn 0.9572 -0.2564 0.1344
vn 0.5170 -0.2480 0.8193
vn -0.6117 -0.5820 -0.5358
vn -0.8840 -0.0612 0.4634
vn -0.9962 -0.0856 -0.0176
vn -0.8193 0.5059 0.2698
vn -0.9572 0.2564 -0.1344
vn -0.7303 0.2939 0.6167
vn 0.0071 0.3224 0.9466
vn 0.6117 0.5820 0.5358
vn -0.5170 0.2480 -0.8193
vn -0.0071 -0.3224 -0.9466
vn -0.3190 -0.8884 -0.3300
vn 0.0473 -0.5450 -0.8371
vn -0.2759 0.0797 -0.9579
vn 0.1777 0.6009 -0.7793
vn -0.1080 0.9656 -0.2365
vn 0.3190 0.8884 0.3300
vn 0.2759 -0.0797 0.9579
vn -0.0473 0.5450 0.8371
vn -0.1777 -0.6009 0.7793
vn 0.1080 -0.9656 0.2365
vt 0.923716 0.157461
vt 0.818182 0.157461
vt 0.909091 0.000000
vt 0.982086 0.126433
vt 0.141047 0.144563
vt 0.113686 0.133764
vt 0.108824 0.126433
vt 0.181819 0.000000
vt 0.257034 0.130277
vt 0.295438 0.157461
vt 0.288422 0.130277
vt 0.363637 0.000000
vt 0.442959 0.137392
vt 0.434102 0.155077
vt 0.429902 0.157461
vt 0.511759 0.150907
vt 0.466133 0.137392
vt 0.545455 0.000000
vt 0.608751 0.109634
vt 0.663976 0.109634
vt 0.727273 0.000000
vt 0.687111 0.157461
vt 0.687181 0.167011
vt 0.782375 0.219480
vt 0.737369 0.258948
vt 0.426067 0.206788
vt 0.469171 0.314921
vt 0.363637 0.314921
vt 0.568231 0.338618
vt 0.595592 0.327819
vt 0.711579 0.342105
vt 0.636364 0.472382
vt 0.563369 0.345949
vt 0.527541 0.345949
vt 0.454546 0.472382
vt 0.090910 0.472382
vt 0.011587 0.334990
vt 0.057214 0.321475
vt 0.154207 0.362748
vt 0.272728 0.472382
vt 0.209431 0.362748
vt 0.232566 0.314921
vt 0.897505 0.334990
vt 0.818182 0.472382
vt 0.742967 0.342105
vt 0.749983 0.314921
vt 0.884447 0.314921
vt 0.888647 0.317305
vt 0.880612 0.265594
vt 0.886019 0.304586
vt 0.749371 0.302717
vt 0.232636 0.305371
vt 0.282824 0.213434
vt 0.327830 0.252902
vt 0.431475 0.167796
vt 0.294826 0.169665
vt 0.238301 0.097831
vt 0.237085 0.115673
vt 0.214304 0.157461
vt 0.110877 0.157461
vt 0.111660 0.149412
vt 0.146349 0.094645
vt 0.218676 0.073986
vt 0.234319 0.090934
vt 0.312657 0.096910
vt 0.307155 0.097831
vt 0.311137 0.090934
vt 0.525292 0.157461
vt 0.548368 0.099288
vt 0.551187 0.157461
vt 0.617337 0.190417
vt 0.560332 0.289153
vt 0.517710 0.184314
vt 0.519358 0.161069
vt 0.622787 0.189969
vt 0.651555 0.222615
vt 0.668849 0.314921
vt 0.565422 0.314921
vt 0.673221 0.398396
vt 0.600894 0.377737
vt 0.566205 0.322970
vt 0.691630 0.356709
vt 0.692846 0.374551
vt 0.688864 0.381448
vt 0.070746 0.314921
vt 0.096642 0.314921
vt 0.093823 0.373094
vt 0.767202 0.375472
vt 0.765682 0.381448
vt 0.761700 0.374551
vt 0.064813 0.311313
vt 0.063165 0.288068
vt 0.105787 0.183229
vt 0.162792 0.281965
vt 0.197010 0.249767
vt 0.168242 0.282413
s 0
usemtl leaf_color
f 556/517/442 553/518/442 552/519/442 557/520/442
f 559/521/443 560/522/443 557/523/443 552/524/443 558/525/443
f 563/526/444 558/527/444 552/528/444 562/529/444 561/530/444 564/531/444
f 565/532/445 562/533/445 552/534/445 566/535/445
f 566/536/446 552/537/446 553/518/446 567/538/446
f 569/539/447 567/538/447 553/518/447 568/540/447 570/541/447
f 572/542/448 571/543/448 554/544/448
f 575/545/449 574/546/449 573/547/449 555/548/449 576/549/449
f 571/543/450 576/550/450 555/551/450 554/544/450
f 555/552/451 577/553/451 578/554/451 579/555/451
f 554/544/452 555/556/452 579/557/452 580/558/452
f 577/559/453 555/560/453 573/561/453 581/562/453 583/563/453 582/564/453
f 585/565/454 586/566/454 583/563/454 581/562/454 584/567/454 568/540/454 553/518/454
f 585/565/455 553/518/455 556/517/455
f 580/558/456 589/568/456 588/569/456 587/570/456 554/544/456
f 563/526/457 564/531/457 591/571/457 572/542/457 554/544/457 587/570/457 590/572/457
f 561/573/458 562/574/458 565/575/458 575/576/458 576/577/458 571/578/458 572/579/458 591/580/458
f 564/581/459 561/582/459 591/583/459
f 590/584/460 587/585/460 588/586/460
f 589/587/461 559/588/461 558/589/461 563/590/461 590/584/461 588/586/461
f 580/591/462 579/592/462 578/593/462 560/594/462 559/588/462 589/587/462
f 585/595/463 556/596/463 557/597/463 560/594/463 578/593/463 577/598/463 582/599/463 586/600/463
f 584/601/464 570/602/464 568/603/464
f 583/604/465 586/605/465 582/606/465
f 584/601/466 581/607/466 573/608/466 574/609/466 569/610/466 570/602/466
f 574/609/467 575/576/467 565/575/467 566/611/467 567/612/467 569/610/467
o tree_1.006
v 2.426391 7.678593 0.899234
v 0.910952 8.584583 -0.757493
v 2.114760 9.516282 1.220878
v 2.161690 9.518500 1.169545
v 3.066945 9.228374 0.182835
v 3.469378 8.619188 -0.250828
v 3.399283 7.975705 -0.743404
v 2.935955 7.098474 -0.683663
v 3.480453 8.608394 -0.283449
v 0.898005 6.377276 0.668337
v 0.987443 6.348531 0.510135
v 2.715810 6.868560 -0.786453
v 0.666224 7.019288 1.232794
v 0.706013 6.539820 0.872171
v 0.739466 7.829913 1.778273
v 0.765440 6.377290 0.728932
v 0.662605 8.156522 1.846459
v 0.747633 8.340936 1.819052
v 2.094570 9.519574 1.231529
v 2.075018 9.529704 1.223160
v 0.823971 9.364839 1.192006
v 0.601860 6.679731 0.956299
v 0.473876 6.535225 0.695272
v 0.711883 6.355438 0.664175
v 0.378171 6.647358 0.619897
v 0.270399 7.034802 -0.041094
v 1.175654 6.744676 -1.027805
v 1.078258 6.578239 -0.485653
v 0.834301 6.329347 0.501748
v -0.061939 8.287472 0.885145
v -0.132034 7.643988 0.392568
v -0.143109 7.654782 0.425190
v 0.401389 9.164701 0.825404
v 1.222584 6.746894 -1.079137
v 2.571904 9.885886 -0.587192
v 2.439338 9.885900 -0.526596
v 2.671120 9.243887 -1.091054
v 2.597878 8.433264 -1.636533
v 2.631330 9.723358 -0.730429
v 1.242774 6.743602 -1.089788
v 2.674739 8.106654 -1.704719
v 2.589711 7.922240 -1.677311
v 0.621534 9.394616 0.928194
v 2.349900 9.914645 -0.368393
v 2.503042 9.933829 -0.360006
v 2.259088 9.684939 0.627383
v 2.959172 9.615819 -0.478156
v 2.863467 9.727951 -0.553531
v 2.625462 9.907738 -0.522434
v 2.735484 9.583446 -0.814557
v 1.262325 6.733472 -1.081419
v 2.513372 6.898338 -1.050265
vn 0.7379 0.0070 0.6749
vn 0.8173 -0.4037 0.4111
vn 0.5437 -0.7162 0.4375
vn 0.3486 -0.5447 0.7627
vn 0.4552 -0.0781 0.8870
vn -0.0903 0.5250 0.8463
vn -0.4362 -0.6795 0.5900
vn -0.5958 -0.7314 -0.3316
vn -0.8173 0.4037 -0.4111
vn -0.7379 -0.0070 -0.6749
vn -0.3486 0.5447 -0.7627
vn -0.4552 0.0781 -0.8870
vn -0.5437 0.7162 -0.4375
vn -0.1329 0.9684 0.2113
vn 0.5958 0.7314 0.3316
vn 0.4362 0.6795 -0.5900
vn 0.0903 -0.5250 -0.8463
vn 0.1329 -0.9684 -0.2113
vn -0.8686 -0.4760 -0.1374
vn -0.3190 -0.8884 -0.3300
vn 0.1777 0.6009 -0.7793
vn -0.1080 0.9656 -0.2365
vn 0.7813 0.2983 -0.5482
vn 0.3190 0.8884 0.3300
vn 0.8686 0.4760 0.1374
vn -0.7007 0.4099 0.5840
vn -0.7813 -0.2983 0.5482
vn -0.1777 -0.6009 0.7793
vn 0.1080 -0.9656 0.2365
vn 0.7007 -0.4099 -0.5840
vt 0.823378 0.157461
vt 0.819076 0.155913
vt 0.909091 0.000000
vt 0.975126 0.114378
vt 0.917399 0.157461
vt 0.117213 0.117049
vt 0.115784 0.114378
vt 0.181819 0.000000
vt 0.256142 0.128733
vt 0.179711 0.147352
vt 0.299674 0.157461
vt 0.289314 0.128733
vt 0.363637 0.000000
vt 0.448906 0.147692
vt 0.439169 0.157461
vt 0.464417 0.157461
vt 0.460186 0.147692
vt 0.545455 0.000000
vt 0.614872 0.120235
vt 0.533712 0.147474
vt 0.483055 0.157461
vt 0.657856 0.120235
vt 0.727273 0.000000
vt 0.817288 0.155913
vt 0.816541 0.157461
vt 0.687273 0.157461
vt 0.672861 0.149334
vt 0.816356 0.160625
vt 0.754002 0.268624
vt 0.460394 0.167590
vt 0.497792 0.166183
vt 0.476763 0.195943
vt 0.480131 0.218256
vt 0.462854 0.314921
vt 0.368833 0.314921
vt 0.394894 0.260782
vt 0.446619 0.171191
vt 0.571758 0.355333
vt 0.634256 0.325030
vt 0.710687 0.343650
vt 0.636364 0.472382
vt 0.570329 0.358004
vt 0.520581 0.358004
vt 0.454546 0.472382
vt 0.364531 0.316469
vt 0.160327 0.352147
vt 0.090910 0.472382
vt 0.005640 0.324690
vt 0.009872 0.314921
vt 0.028509 0.314921
vt 0.079166 0.324908
vt 0.272728 0.472382
vt 0.203311 0.352147
vt 0.218316 0.323048
vt 0.232728 0.314921
vt 0.361996 0.314921
vt 0.362743 0.316469
vt 0.818182 0.472382
vt 0.743859 0.343650
vt 0.754219 0.314921
vt 0.893714 0.314921
vt 0.903451 0.324690
vt 0.901164 0.301191
vt 0.849440 0.211601
vt 0.934676 0.254126
vt 0.931308 0.276439
vt 0.914939 0.304791
vt 0.022218 0.276439
vt 0.043246 0.306199
vt 0.028509 0.314921
vt 0.005848 0.304791
vt 0.299458 0.203758
vt 0.361811 0.311757
vt 0.933232 0.111138
vt 0.972430 0.157461
vt 0.882167 0.157461
vt 0.882869 0.154718
vt 0.209858 0.072059
vt 0.215206 0.070975
vt 0.216984 0.071309
vt 0.217850 0.072941
vt 0.178811 0.104813
vt 0.510716 0.254751
vt 0.542486 0.289599
vt 0.528072 0.284813
vt 0.556958 0.307312
vt 0.557110 0.300504
vt 0.568238 0.297883
vt 0.581455 0.303673
vt 0.572416 0.311751
vt 0.529983 0.310202
vt 0.517885 0.314921
vt 0.427622 0.314921
vt 0.393174 0.263761
vt 0.440657 0.181517
vt 0.464905 0.193055
vt 0.671529 0.401073
vt 0.669751 0.401407
vt 0.664402 0.400323
vt 0.633355 0.367568
vt 0.672395 0.399441
vt 0.428324 0.317664
vt 0.478687 0.361244
vt 0.881658 0.299515
vt 0.787365 0.302980
vt 0.774750 0.280035
vt 0.786130 0.256398
vt 0.847719 0.208621
vt 0.895202 0.290865
vt 0.984528 0.162180
vt 0.982617 0.187570
vt 0.965261 0.217631
vt 0.919450 0.279327
vt 0.056171 0.217631
vt 0.073527 0.187570
vt 0.087940 0.182783
vt 0.113693 0.174499
vt 0.102566 0.171878
vt 0.102414 0.165070
vt 0.117871 0.160631
vt 0.126910 0.168709
vt 0.427113 0.172866
vt 0.331585 0.215984
vt 0.320205 0.192347
vt 0.332820 0.169402
s 0
usemtl leaf_color
f 595/613/468 594/614/468 592/615/468 597/616/468 596/617/468
f 600/618/469 597/619/469 592/620/469 599/621/469 598/622/469
f 603/623/470 599/624/470 592/625/470 601/626/470 602/627/470
f 607/628/471 601/629/471 592/630/471 606/631/471 604/632/471 605/633/471
f 606/634/472 592/635/472 594/636/472 610/637/472 609/638/472 608/639/472
f 611/640/473 612/641/473 609/638/473 610/637/473
f 615/642/474 607/628/474 605/633/474 613/643/474 614/644/474
f 616/645/475 617/646/475 618/647/475 619/648/475 620/649/475 615/642/475 614/644/475
f 623/650/476 621/651/476 624/652/476 593/653/476 622/654/476
f 622/655/477 593/656/477 625/657/477 618/647/477 617/646/477
f 629/658/478 593/659/478 627/660/478 626/661/478 630/662/478 628/663/478
f 593/664/479 629/665/479 632/666/479 633/667/479 631/668/479 625/669/479
f 593/670/480 624/671/480 634/672/480 635/673/480 627/674/480
f 636/675/481 635/673/481 634/672/481 612/641/481 611/640/481 637/676/481
f 638/677/482 639/678/482 640/679/482 636/675/482 637/676/482 595/613/482 596/617/482
f 639/680/483 641/681/483 630/682/483 626/661/483 640/683/483
f 631/668/484 633/667/484 643/684/484 642/685/484
f 603/623/485 602/627/485 620/649/485 619/648/485 642/685/485 643/684/485
f 617/686/486 616/687/486 623/688/486 622/689/486
f 618/690/487 625/691/487 631/692/487 642/693/487 619/694/487
f 628/695/488 630/696/488 641/697/488
f 640/698/489 626/699/489 627/700/489 635/701/489 636/702/489
f 639/703/490 638/704/490 600/705/490 598/706/490 632/707/490 629/708/490 628/695/490 641/697/490
f 610/709/491 594/710/491 595/711/491 637/712/491 611/713/491
f 597/714/492 600/705/492 638/704/492 596/715/492
f 609/716/493 612/717/493 634/718/493 624/719/493 621/720/493 608/721/493
f 614/722/494 613/723/494 604/724/494 606/725/494 608/721/494 621/720/494 623/688/494 616/687/494
f 604/726/495 613/727/495 605/728/495
f 601/729/496 607/730/496 615/731/496 620/732/496 602/733/496
f 633/734/497 632/707/497 598/706/497 599/735/497 603/736/497 643/737/497
o tree_1.008
v 2.127436 8.793749 1.458575
v 3.513331 6.349413 3.395674
v 4.115512 8.872037 1.263119
v 4.066512 7.982088 0.709024
v 2.823591 7.094471 0.303367
v 3.170795 7.143178 0.291283
v 4.390873 9.163980 1.814405
v 4.172183 9.407254 2.354158
v 3.275381 9.555901 2.820824
v 1.026400 8.480382 3.126573
v 1.559008 8.803175 3.539107
v 2.933830 9.466269 3.392217
v 0.538956 7.808234 3.013432
v 0.461078 7.516425 2.700929
v 0.710888 7.301570 1.865964
v 0.878204 7.346571 1.608310
v 1.161616 6.685415 1.151117
v 0.946439 7.000902 1.418470
v 2.406713 6.834816 0.448837
v 1.401163 6.203133 1.307577
v 2.286083 6.006661 0.981135
v 0.539718 7.801272 3.019233
v 0.468868 7.488590 2.748117
v 1.574256 7.161075 4.145225
v 1.239500 7.674798 3.947695
v 2.469972 7.999984 4.562966
v 2.085665 8.292079 4.351097
v 1.841022 8.308490 4.224710
v 1.249894 5.979183 3.039844
v 1.468584 5.735909 2.500091
v 2.365386 5.587263 2.033425
v 1.525255 6.271125 3.591130
v 2.817176 8.048691 4.550882
v 4.762563 7.796591 3.245939
v 4.929879 7.841592 2.988284
v 5.101811 7.334929 1.840817
v 5.179689 7.626738 2.153321
v 4.614367 6.662780 1.727676
v 3.234055 8.308346 4.405412
v 4.694328 8.142262 3.435780
v 4.479151 8.457747 3.703132
v 2.706936 5.676895 1.462032
v 4.081759 6.339987 1.315142
v 2.411715 5.943682 1.029234
v 3.799746 6.834673 0.629538
v 3.555102 6.851083 0.503152
v 4.401268 7.468365 0.906555
v 5.171899 7.654573 2.106131
v 5.101049 7.341891 1.835016
v 3.354685 9.136501 3.873114
v 4.239604 8.940030 3.546672
v 3.229051 9.199481 3.825015
vn -0.1036 0.5298 -0.8418
vn -0.0782 0.8966 -0.4358
vn -0.4418 0.8884 -0.1247
vn -0.7226 0.5858 -0.3669
vn -0.4924 0.3423 -0.8002
vn -0.3954 -0.4552 -0.7978
vn -0.9796 0.0541 0.1936
vn -0.4562 0.0445 0.8888
vn 0.0782 -0.8966 0.4358
vn 0.1036 -0.5298 0.8418
vn 0.7226 -0.5858 0.3669
vn 0.4924 -0.3423 0.8002
vn 0.4418 -0.8884 0.1247
vn 0.2796 -0.7203 -0.6348
vn 0.4562 -0.0445 -0.8888
vn 0.9796 -0.0541 -0.1936
vn 0.3954 0.4552 0.7978
vn -0.2796 0.7203 0.6348
vn -0.8686 -0.4760 -0.1374
vn -0.3190 -0.8884 -0.3300
vn 0.0473 -0.5450 -0.8371
vn -0.8420 0.1223 -0.5254
vn 0.7813 0.2983 -0.5482
vn 0.3190 0.8884 0.3300
vn 0.8686 0.4760 0.1374
vn 0.8420 -0.1223 0.5254
vn -0.0473 0.5450 0.8371
vn -0.7007 0.4099 0.5840
vn -0.7813 -0.2983 0.5482
vn 0.7007 -0.4099 -0.5840
vt 0.909091 0.000000
vt 0.970799 0.106883
vt 0.916331 0.157461
vt 0.840613 0.157461
vt 0.827747 0.140894
vt 0.120111 0.106883
vt 0.181819 0.000000
vt 0.248653 0.115761
vt 0.194525 0.150108
vt 0.151738 0.142877
vt 0.363637 0.000000
vt 0.433417 0.120864
vt 0.401990 0.157461
vt 0.318553 0.157461
vt 0.296803 0.115761
vt 0.512392 0.157461
vt 0.475675 0.120864
vt 0.545455 0.000000
vt 0.604646 0.102523
vt 0.593710 0.120973
vt 0.541634 0.157461
vt 0.679512 0.130488
vt 0.668082 0.102523
vt 0.727273 0.000000
vt 0.808617 0.140894
vt 0.784555 0.157461
vt 0.700607 0.157461
vt 0.761665 0.244766
vt 0.707490 0.212292
vt 0.540348 0.162607
vt 0.512388 0.158347
vt 0.457098 0.251373
vt 0.461786 0.314921
vt 0.386068 0.314921
vt 0.392555 0.264833
vt 0.403445 0.245971
vt 0.649070 0.322275
vt 0.703198 0.356621
vt 0.636364 0.472382
vt 0.574656 0.365499
vt 0.606283 0.329505
vt 0.516254 0.365499
vt 0.454546 0.472382
vt 0.373202 0.331488
vt 0.057846 0.314921
vt 0.087088 0.314921
vt 0.139165 0.351409
vt 0.150101 0.369859
vt 0.090910 0.472382
vt 0.021129 0.351518
vt 0.224967 0.341894
vt 0.246062 0.314921
vt 0.330010 0.314921
vt 0.354072 0.331488
vt 0.272728 0.472382
vt 0.213537 0.369859
vt 0.856535 0.314921
vt 0.887962 0.351518
vt 0.818182 0.472382
vt 0.751348 0.356621
vt 0.773098 0.314921
vt 0.767229 0.257499
vt 0.847100 0.207549
vt 0.857990 0.226411
vt 0.911643 0.221009
vt 0.085803 0.309775
vt 0.057843 0.314035
vt 0.307120 0.227616
vt 0.252945 0.260090
vt 0.312684 0.214883
vt 0.843421 0.154620
vt 0.854205 0.095066
vt 0.874039 0.060713
vt 0.896180 0.038404
vt 0.933744 0.042702
vt 0.976982 0.117592
vt 0.962103 0.157461
vt 0.845839 0.157461
vt 0.222810 0.112052
vt 0.181558 0.130743
vt 0.113928 0.117592
vt 0.157166 0.042702
vt 0.218623 0.063747
vt 0.223630 0.072420
vt 0.321826 0.072420
vt 0.326833 0.063747
vt 0.393468 0.069404
vt 0.414529 0.096776
vt 0.418599 0.120077
vt 0.395286 0.146908
vt 0.762564 0.087697
vt 0.762325 0.060713
vt 0.782159 0.095066
vt 0.391294 0.314921
vt 0.378097 0.289876
vt 0.417523 0.221588
vt 0.460319 0.214166
vt 0.505026 0.269015
vt 0.507558 0.314921
vt 0.611711 0.429680
vt 0.568473 0.354790
vt 0.636103 0.341639
vt 0.677355 0.360330
vt 0.678175 0.399962
vt 0.673168 0.408635
vt 0.419494 0.411669
vt 0.399660 0.377316
vt 0.388875 0.317762
vt 0.522437 0.354790
vt 0.479199 0.429680
vt 0.441635 0.433978
vt 0.308019 0.384685
vt 0.327614 0.377316
vt 0.307780 0.411669
vt 0.869074 0.375606
vt 0.848013 0.402978
vt 0.781378 0.408635
vt 0.776371 0.399962
vt 0.849831 0.325474
vt 0.873144 0.352305
vt 0.792495 0.276863
vt 0.796960 0.226694
vt 0.832037 0.182402
vt 0.832642 0.182506
vt 0.872068 0.250794
vt 0.844885 0.306296
vt 0.959571 0.203367
vt 0.914864 0.258216
vt 0.342415 0.245688
vt 0.337950 0.195519
vt 0.390340 0.166086
vt 0.377492 0.289980
s 0
usemtl leaf_color
f 644/738/498 646/739/498 647/740/498 649/741/498 648/742/498
f 646/743/499 644/744/499 652/745/499 651/746/499 650/747/499
f 644/748/500 653/749/500 654/750/500 655/751/500 652/752/500
f 656/753/501 653/754/501 644/755/501 659/756/501 658/757/501 657/758/501
f 661/759/502 659/760/502 644/761/502 648/762/502 662/763/502 660/764/502
f 660/764/503 662/763/503 664/765/503 663/766/503
f 666/767/504 665/768/504 656/753/504 657/758/504
f 668/769/505 667/770/505 669/771/505 670/772/505 671/773/505
f 673/774/506 674/775/506 645/776/506 675/777/506 672/778/506
f 667/770/507 675/779/507 645/780/507 676/781/507 669/771/507
f 679/782/508 680/783/508 678/784/508 677/785/508 645/786/508 681/787/508
f 683/788/509 684/789/509 682/790/509 676/791/509 645/792/509 677/793/509
f 686/794/510 681/795/510 645/796/510 674/797/510 685/798/510
f 686/794/511 685/798/511 687/799/511 689/800/511 688/801/511
f 649/741/512 647/740/512 690/802/512 688/801/512 689/800/512
f 691/803/513 680/783/513 679/782/513 692/804/513
f 693/805/514 682/790/514 684/789/514 694/806/514
f 695/807/515 655/751/515 654/750/515 671/773/515 670/772/515
f 657/808/516 658/809/516 661/810/516 660/811/516 663/812/516 673/813/516 672/814/516 666/815/516
f 685/816/517 674/817/517 673/818/517 663/819/517 664/820/517 687/821/517
f 687/822/518 664/823/518 662/824/518 648/825/518 649/826/518 689/827/518
f 659/828/519 661/829/519 658/830/519
f 691/831/520 692/832/520 690/833/520 647/834/520 646/835/520 650/836/520
f 694/837/521 651/838/521 652/839/521 655/840/521 695/841/521 693/842/521
f 683/843/522 678/844/522 680/845/522 691/831/522 650/836/522 651/846/522 694/847/522 684/848/522
f 677/849/523 678/850/523 683/851/523
f 676/852/524 682/853/524 693/854/524 695/855/524 670/856/524 669/857/524
f 654/858/525 653/859/525 656/860/525 665/861/525 668/862/525 671/863/525
f 666/815/526 672/814/526 675/864/526 667/865/526 668/862/526 665/861/526
f 681/866/527 686/867/527 688/868/527 690/833/527 692/832/527 679/869/527
o Icosphere.001
v -21.494118 6.209980 1.053618
v -21.445724 7.035966 2.603514
v -20.060146 6.486865 0.076975
v -20.085365 6.712887 3.419763
v -18.699787 6.163786 0.893224
v -18.651394 6.989771 2.443121
v -21.154795 5.856264 2.069801
v -21.087109 5.923849 2.493959
v -20.852577 5.705700 1.748369
v -20.998194 5.899261 1.000824
v -20.902245 7.425062 1.145718
v -20.900106 7.415900 1.117293
v -21.006466 7.388857 1.506814
v -20.759472 7.392134 0.999660
v -20.116318 5.884387 0.530005
v -20.395351 5.779934 0.755505
v -19.936247 5.533966 1.649191
v -20.116991 5.526775 1.612227
v -20.323154 5.556915 1.748369
v -19.717897 5.609815 2.006186
v -20.350058 5.704679 2.435009
v -20.149424 5.701360 2.423494
v -20.857847 5.888758 2.637642
v -20.637888 7.516893 2.158957
v -20.865519 7.348043 2.596078
v -19.996088 7.498392 1.073244
v -19.287664 7.310994 0.859097
v -19.795454 7.495073 1.061729
v -19.279993 5.851708 0.900660
v -19.386040 5.807618 2.497079
v -20.029194 7.315365 2.966733
v -20.209265 7.665786 1.847547
v -20.028521 7.672976 1.884511
v -19.822357 7.642837 1.748369
v -20.427614 7.589937 1.490553
v -19.058403 7.275903 1.002779
v -19.139046 5.810894 1.989924
v -19.507624 5.682859 1.337782
v -19.245405 5.783852 2.379446
v -19.750160 7.419818 2.741234
v -19.147318 7.300491 2.495914
v -19.292934 7.494052 1.748369
v -18.990717 7.343488 1.426938
v -19.243267 5.774690 2.351020
vn -0.9269 -0.3185 0.1987
vn -0.5361 -0.8366 -0.1122
vn -0.8731 0.4410 -0.2078
vn -0.5746 0.3227 -0.7521
vn -0.4080 -0.5241 -0.7476
vn -0.0041 -0.9776 0.2102
vn -0.5413 -0.2535 0.8017
vn -0.4707 0.8773 0.0938
vn -0.0292 0.7024 -0.7112
vn 0.3078 -0.5900 -0.7465
vn 0.0292 -0.7024 0.7112
vn -0.3078 0.5900 0.7465
vn 0.0041 0.9776 -0.2102
vn 0.5413 0.2535 -0.8017
vn 0.4707 -0.8773 -0.0938
vn 0.5746 -0.3227 0.7521
vn 0.4080 0.5241 0.7476
vn 0.5361 0.8366 0.1122
vn 0.9269 0.3185 -0.1987
vn 0.8731 -0.4410 0.2078
vn 0.1014 -0.9446 0.3121
vn 0.3281 -0.9446 -0.0000
vn -0.2655 -0.9446 0.1929
vn -0.2655 -0.9446 -0.1929
vn 0.1014 -0.9446 -0.3121
vn 0.2655 0.9446 0.1929
vn -0.1014 0.9446 0.3121
vn -0.3281 0.9446 -0.0000
vn -0.1014 0.9446 -0.3121
vn 0.2655 0.9446 -0.1929
vt 0.244070 0.157461
vt 0.090910 0.157461
vt 0.181819 0.000000
vt 0.246883 0.112695
vt 0.363637 0.000000
vt 0.397524 0.058694
vt 0.343482 0.128525
vt 0.298573 0.112695
vt 0.824928 0.145777
vt 0.909091 0.000000
vt 1.000000 0.157461
vt 0.865372 0.157461
vt 0.827044 0.147953
vt 0.636364 0.157461
vt 0.727273 0.000000
vt 0.811436 0.145777
vt 0.796836 0.157461
vt 0.511568 0.058694
vt 0.545455 0.000000
vt 0.537720 0.157461
vt 0.511902 0.127348
vt 0.393447 0.198007
vt 0.398682 0.216931
vt 0.376764 0.255916
vt 0.318556 0.236837
vt 0.307994 0.218544
vt 0.371355 0.185628
vt 0.181819 0.314921
vt 0.256955 0.184780
vt 0.963969 0.219869
vt 0.907112 0.225551
vt 0.773101 0.235545
vt 0.762539 0.253838
vt 0.711500 0.287602
vt 0.545455 0.314921
vt 0.509424 0.252513
vt 0.342291 0.314921
vt 0.083174 0.314921
vt 0.054878 0.219869
vt 0.853227 0.255451
vt 0.847992 0.274375
vt 0.825900 0.286754
vt 0.831309 0.216466
vt 0.698615 0.314921
vt 0.410827 0.314921
vt 0.452567 0.246831
vt 0.356891 0.326605
vt 0.272728 0.472382
vt 0.057023 0.413688
vt 0.057356 0.345034
vt 0.090910 0.472382
vt 0.852069 0.413688
vt 0.818182 0.472382
vt 0.753118 0.359687
vt 0.798027 0.343857
vt 0.701428 0.359687
vt 0.636364 0.472382
vt 0.370383 0.326605
vt 0.372499 0.324429
vt 0.454546 0.472382
vt 0.224382 0.073723
vt 0.223619 0.076067
vt 0.211605 0.082148
vt 0.161935 0.054961
vt 0.200028 0.031539
vt 0.321074 0.073723
vt 0.345428 0.031539
vt 0.370642 0.012133
vt 0.392636 0.050228
vt 0.346577 0.082986
vt 0.927311 0.102908
vt 0.909584 0.111886
vt 0.882539 0.094594
vt 0.876719 0.056071
vt 0.898696 0.018004
vt 0.936812 0.055810
vt 0.737668 0.018004
vt 0.759645 0.056072
vt 0.722978 0.105595
vt 0.683935 0.075065
vt 0.721330 0.010293
vt 0.588793 0.075065
vt 0.574972 0.101789
vt 0.510707 0.093428
vt 0.516456 0.050228
vt 0.538450 0.012133
vt 0.551398 0.010293
vt 0.283123 0.454378
vt 0.266785 0.462089
vt 0.229390 0.397317
vt 0.268433 0.366787
vt 0.305101 0.416310
vt 0.061911 0.422154
vt 0.056161 0.378954
vt 0.120427 0.370593
vt 0.134248 0.397317
vt 0.096853 0.462089
vt 0.083905 0.460249
vt 0.775619 0.398659
vt 0.801122 0.389396
vt 0.847180 0.422154
vt 0.825187 0.460249
vt 0.799973 0.440843
vt 0.678927 0.398659
vt 0.654573 0.440843
vt 0.616480 0.417421
vt 0.666150 0.390234
vt 0.678163 0.396315
vt 0.472766 0.369474
vt 0.482267 0.416572
vt 0.444151 0.454378
vt 0.422174 0.416311
vt 0.427994 0.377788
vt 0.455039 0.360496
s 0
usemtl leaf_color
f 703/870/528 697/871/528 696/872/528 702/873/528
f 696/874/529 705/875/529 704/876/529 702/877/529
f 707/878/530 696/879/530 697/880/530 708/881/530 706/882/530
f 698/883/531 696/884/531 707/885/531 709/886/531
f 705/887/532 696/888/532 698/883/532 710/889/532 711/890/532
f 713/891/533 712/892/533 715/893/533 717/894/533 716/895/533 714/896/533
f 699/897/534 697/871/534 703/870/534 718/898/534
f 708/881/535 697/880/535 720/899/535 719/900/535
f 698/883/536 709/886/536 721/901/536 723/902/536 722/903/536
f 698/883/537 700/904/537 724/905/537 710/889/537
f 717/894/538 725/906/538 699/897/538 718/898/538 716/895/538
f 697/871/539 699/897/539 726/907/539 720/908/539
f 727/909/540 728/910/540 729/911/540 723/902/540 721/901/540 730/912/540
f 700/904/541 698/883/541 722/903/541 731/913/541
f 724/905/542 700/904/542 732/914/542 733/915/542
f 725/906/543 734/916/543 701/917/543 699/897/543
f 736/918/544 735/919/544 726/907/544 699/897/544 701/920/544
f 736/921/545 701/922/545 738/923/545 737/924/545
f 738/925/546 701/926/546 700/904/546 731/913/546
f 734/927/547 739/928/547 732/914/547 700/904/547 701/929/547
f 739/930/548 734/931/548 725/932/548 717/933/548 715/934/548
f 739/935/549 715/936/549 712/937/549 733/938/549 732/939/549
f 718/940/550 703/941/550 702/942/550 704/943/550 714/944/550 716/945/550
f 714/946/551 704/947/551 705/948/551 711/949/551 713/950/551
f 711/951/552 710/952/552 724/953/552 733/954/552 712/955/552 713/956/552
f 729/957/553 728/958/553 735/959/553 736/960/553 737/961/553
f 719/962/554 720/963/554 726/964/554 735/965/554 728/966/554 727/967/554
f 706/968/555 708/969/555 719/970/555 727/971/555 730/972/555
f 706/973/556 730/974/556 721/975/556 709/976/556 707/977/556
f 722/978/557 723/979/557 729/980/557 737/981/557 738/982/557 731/983/557
o Icosphere.003
v -21.638397 5.385920 2.312658
v -19.761482 4.121531 4.796793
v -22.192438 3.995230 3.197029
v -22.038897 3.661343 3.695616
v -22.213480 4.029777 3.176467
v -22.450598 4.392453 3.058273
v -22.372379 3.994664 4.282535
v -22.555847 4.505126 3.211660
v -22.171587 4.004010 3.177636
v -21.908493 5.400687 3.867312
v -22.195459 4.078358 4.648232
v -21.940655 5.481287 3.689872
v -22.226351 4.008926 4.647861
v -22.375059 5.000899 3.110273
v -22.214115 4.026259 4.659783
v -21.629166 5.785191 3.264770
v -21.994619 5.379286 2.740575
v -20.741074 3.797853 3.148310
v -20.908987 4.045716 2.791793
v -20.455839 4.218991 2.676018
v -20.717649 4.176351 2.669352
v -20.152063 4.076655 2.929250
v -21.423637 5.869925 3.213139
v -20.474266 6.119763 3.254453
v -20.323378 6.246291 2.925667
v -20.522871 6.200922 2.889442
v -20.269680 6.238927 3.011031
v -21.076502 3.261160 4.183784
v -20.877008 3.306529 4.220009
v -20.925613 3.387688 3.854998
v -19.976242 3.637526 3.896312
v -21.130199 3.268524 4.098421
v -20.944040 5.288460 4.433433
v -21.247816 5.430796 4.180201
v -20.682230 5.331100 4.440100
v -20.658806 5.709599 3.961142
v -20.490892 5.461734 4.317658
v -19.405260 4.128164 4.368876
v -19.459225 4.026164 3.419579
v -19.770714 3.722260 3.844681
v -19.024820 4.506551 3.999178
v -19.228292 5.503441 3.931815
v -19.186399 5.477674 3.932984
v -19.207441 5.512220 3.912422
v -19.360983 5.846107 3.413835
v -18.949282 5.114997 4.051178
v -18.844032 5.002326 3.897791
v -19.027500 5.512787 2.826916
v -19.185764 5.481192 2.449668
v -19.173529 5.498525 2.461591
v -19.204420 5.429093 2.461219
v -19.491386 4.106764 3.242139
vn -0.8088 -0.5726 -0.1344
vn -0.3690 -0.6309 -0.6824
vn -0.8631 0.3822 0.3301
vn -0.7209 0.6922 -0.0334
vn 0.1425 -0.7800 -0.6094
vn -0.2568 0.9356 0.2422
vn 0.2568 -0.9356 -0.2422
vn -0.1425 0.7800 0.6094
vn 0.7209 -0.6922 0.0334
vn 0.3690 0.6310 0.6824
vn 0.8088 0.5726 0.1344
vn 0.8631 -0.3822 -0.3301
vn 0.2466 -0.8647 -0.4375
vn 0.3826 -0.5300 -0.7568
vn -0.1321 -0.8419 -0.5232
vn -0.2486 -0.4432 -0.8613
vn 0.0634 -0.2376 -0.9693
vn 0.4306 -0.8338 0.3455
vn -0.4677 -0.8560 0.2204
vn -0.7612 0.1485 -0.6313
vn 0.0249 0.5545 -0.8318
vn 0.7612 -0.1485 0.6313
vn -0.0249 -0.5545 0.8318
vn -0.4306 0.8338 -0.3455
vn 0.4677 0.8560 -0.2204
vn 0.2486 0.4432 0.8613
vn -0.0634 0.2376 0.9693
vn -0.3826 0.5300 0.7568
vn -0.2466 0.8647 0.4375
vn 0.1321 0.8419 0.5232
vt 0.216416 0.120217
vt 0.118833 0.109096
vt 0.163355 0.031982
vt 0.191908 0.037114
vt 0.223560 0.072299
vt 0.225659 0.075935
vt 0.321896 0.072299
vt 0.321556 0.077593
vt 0.319797 0.075935
vt 0.962148 0.150496
vt 0.837139 0.149742
vt 0.830150 0.136732
vt 0.879757 0.050809
vt 0.927555 0.031982
vt 0.972077 0.109096
vt 0.968913 0.146405
vt 0.967167 0.148607
vt 0.756607 0.050809
vt 0.806215 0.136732
vt 0.766690 0.154946
vt 0.721688 0.080772
vt 0.389659 0.226493
vt 0.376814 0.258073
vt 0.342301 0.218615
vt 0.367522 0.194518
vt 0.383025 0.205764
vt 0.733855 0.246301
vt 0.708616 0.254714
vt 0.703290 0.247812
vt 0.705997 0.231007
vt 0.757231 0.170446
vt 0.279311 0.226081
vt 0.302686 0.301936
vt 0.251452 0.241375
vt 0.248745 0.224570
vt 0.254071 0.217668
vt 0.844204 0.245889
vt 0.837570 0.266618
vt 0.822067 0.277864
vt 0.796846 0.253767
vt 0.831359 0.214309
vt 0.312145 0.317436
vt 0.351670 0.335650
vt 0.302062 0.421573
vt 0.267143 0.391610
vt 0.776441 0.400083
vt 0.774342 0.396447
vt 0.776101 0.394789
vt 0.680204 0.396447
vt 0.678105 0.400083
vt 0.646453 0.435268
vt 0.617900 0.440400
vt 0.573378 0.363286
vt 0.670961 0.352165
vt 0.512622 0.323775
vt 0.514368 0.325977
vt 0.517532 0.363286
vt 0.473010 0.440400
vt 0.425212 0.421573
vt 0.375604 0.335650
vt 0.382594 0.322640
vt 0.507603 0.321886
vt 0.236991 0.095562
vt 0.231335 0.117132
vt 0.190690 0.157461
vt 0.174059 0.157461
vt 0.109693 0.124928
vt 0.154020 0.048151
vt 0.204846 0.039884
vt 0.308465 0.095562
vt 0.340610 0.039884
vt 0.374075 0.018079
vt 0.451137 0.151557
vt 0.894325 0.157461
vt 0.844160 0.115540
vt 0.843995 0.112751
vt 0.897150 0.020683
vt 0.936890 0.048151
vt 0.981217 0.124928
vt 0.987097 0.157461
vt 0.792369 0.112751
vt 0.791475 0.117470
vt 0.765186 0.157461
vt 0.636364 0.157461
vt 0.718989 0.014348
vt 0.739214 0.020683
vt 0.457955 0.151557
vt 0.535017 0.018079
vt 0.553739 0.014348
vt 0.457226 0.157461
vt 0.214054 0.259087
vt 0.181819 0.314921
vt 0.100189 0.173533
vt 0.910874 0.311832
vt 0.885605 0.267013
vt 0.994701 0.166640
vt 0.768228 0.188874
vt 0.724023 0.224610
vt 0.668599 0.213295
vt 0.456329 0.160550
vt 0.554734 0.298849
vt 0.540156 0.305742
vt 0.310641 0.314921
vt 0.269478 0.247772
vt 0.313683 0.283508
vt 0.002680 0.314921
vt 0.001783 0.311832
vt 0.085611 0.166640
vt 0.645235 0.314921
vt 0.628604 0.314921
vt 0.439780 0.314921
vt 0.431060 0.205369
vt 0.532552 0.314921
vt 0.337824 0.359631
vt 0.284669 0.451699
vt 0.264444 0.458034
vt 0.336930 0.354912
vt 0.099194 0.458034
vt 0.080472 0.454303
vt 0.003409 0.320825
vt 0.002680 0.314921
vt 0.763010 0.376820
vt 0.905682 0.320825
vt 0.828620 0.454303
vt 0.795155 0.432498
vt 0.691536 0.376820
vt 0.659391 0.432498
vt 0.608565 0.424231
vt 0.564238 0.347454
vt 0.685880 0.355250
vt 0.526672 0.347454
vt 0.482345 0.424231
vt 0.442605 0.451699
vt 0.389450 0.359631
vt 0.389615 0.356842
s 0
usemtl leaf_color
f 743/984/558 746/985/558 747/986/558 745/987/558 744/988/558 742/989/558
f 744/990/559 748/991/559 742/992/559
f 750/993/560 749/994/560 751/995/560 753/996/560 747/997/560 746/998/560 752/999/560 754/1000/560
f 753/1001/561 751/1002/561 755/1003/561 756/1004/561
f 759/1005/562 761/1006/562 757/1007/562 758/1008/562 760/1009/562
f 763/1010/563 766/1011/563 764/1012/563 765/1013/563 762/1014/563
f 769/1015/564 770/1016/564 768/1017/564 767/1018/564 771/1019/564
f 772/1020/565 774/1021/565 776/1022/565 775/1023/565 773/1024/565
f 779/1025/566 778/1026/566 780/1027/566 777/1028/566
f 782/1029/567 783/1030/567 781/1031/567
f 783/1032/568 782/1033/568 785/1034/568 786/1035/568 787/1036/568 784/1037/568
f 788/1038/569 789/1039/569 787/1040/569 786/1041/569 780/1042/569 778/1043/569 791/1044/569 790/1045/569
f 791/1046/570 778/1047/570 779/1048/570 770/1049/570 769/1050/570 757/1051/570 761/1052/570
f 791/1053/571 761/1054/571 759/1055/571 790/1056/571
f 743/1057/572 742/1058/572 748/1059/572 758/1060/572 757/1061/572 769/1062/572 771/1063/572
f 748/1064/573 744/1065/573 745/1066/573 740/1067/573 760/1068/573 758/1069/573
f 790/1070/574 759/1071/574 760/1072/574 740/1067/574 788/1073/574
f 777/1074/575 741/1075/575 768/1076/575 770/1049/575 779/1048/575
f 752/1077/576 746/1078/576 743/1057/576 771/1063/576 767/1079/576
f 745/1066/577 747/1080/577 753/1081/577 756/1082/577 740/1067/577
f 789/1083/578 788/1073/578 740/1067/578 765/1084/578 764/1085/578
f 785/1086/579 741/1075/579 777/1074/579 780/1087/579 786/1088/579
f 768/1076/580 741/1075/580 754/1089/580 752/1090/580 767/1091/580
f 756/1082/581 755/1092/581 762/1093/581 765/1084/581 740/1067/581
f 784/1094/582 787/1095/582 789/1083/582 764/1085/582 766/1096/582
f 781/1097/583 776/1098/583 774/1099/583 741/1075/583 785/1086/583 782/1100/583
f 774/1101/584 772/1102/584 750/1103/584 754/1104/584 741/1075/584
f 749/1105/585 750/1106/585 772/1107/585 773/1108/585
f 749/1109/586 773/1110/586 775/1111/586 763/1112/586 762/1093/586 755/1092/586 751/1113/586
f 766/1096/587 763/1114/587 775/1115/587 776/1116/587 781/1117/587 783/1118/587 784/1094/587
o Icosphere.005
v -18.406536 6.594178 -1.459705
v -16.444277 5.505597 -0.198004
v -16.662407 8.245005 2.504765
v -18.624666 9.333585 1.243064
v -19.685804 8.078200 0.295446
v -19.715084 8.011116 0.174712
v -19.727814 7.936664 0.244717
v -19.728779 7.954467 0.186606
v -19.708105 7.977551 0.337521
v -18.178293 8.656529 -0.933500
v -18.535019 8.879519 -0.309814
v -18.726582 8.398819 -0.953683
v -18.848892 8.433435 -0.808043
v -18.112267 8.642833 -0.952207
v -17.762409 8.127058 -1.260767
v -18.448534 7.713690 -1.328964
v -17.744839 7.995691 -1.326100
v -18.567673 6.890881 1.673273
v -18.797281 6.518209 0.713196
v -18.104612 5.959656 0.657022
v -18.486748 6.153254 0.487040
v -17.770950 6.128928 1.399011
v -16.494291 7.860659 -0.714684
v -16.433979 6.819940 -1.275710
v -16.942732 6.952675 -1.480026
v -16.209017 7.032781 -1.030323
v -18.634964 8.019242 2.320770
v -18.126209 7.886507 2.525086
v -18.574652 6.978523 1.759745
v -17.306532 6.712124 2.305827
v -17.324104 6.843491 2.371161
v -18.859926 7.806401 2.075383
v -16.964331 8.879526 0.388038
v -16.582195 8.685928 0.558020
v -16.501270 7.948301 -0.628213
v -16.271662 8.320972 0.331864
v -17.297993 8.710254 -0.353951
v -16.620407 7.125492 2.374024
v -16.342361 6.440363 1.998743
v -16.890650 6.182653 1.978560
v -16.956676 6.196349 1.997267
v -15.360837 6.861631 0.707539
v -15.341129 6.902518 0.800343
v -15.340164 6.884715 0.858454
v -15.383138 6.760982 0.749615
v -15.353858 6.828065 0.870349
v -16.533924 5.959662 1.354874
v -16.220049 6.405746 1.853103
vn -0.9631 0.2524 0.0933
vn -0.3564 0.7964 -0.4886
vn -0.1652 0.4214 -0.8917
vn -0.5511 -0.7250 0.4132
vn 0.4314 0.4473 -0.7835
vn -0.4314 -0.4473 0.7835
vn 0.5511 0.7250 -0.4132
vn 0.1652 -0.4214 0.8917
vn 0.9631 -0.2524 -0.0933
vn 0.3564 -0.7964 0.4886
vn -0.4104 -0.6568 0.6326
vn -0.1209 -0.9546 0.2722
vn -0.8296 -0.4243 0.3631
vn -0.7991 -0.5784 -0.1639
vn -0.3612 -0.9062 -0.2201
vn 0.6384 -0.7281 0.2498
vn 0.0418 -0.1143 0.9926
vn -0.8221 0.3649 0.4371
vn -0.7594 0.0473 -0.6490
vn 0.1432 -0.6282 -0.7648
vn 0.7594 -0.0473 0.6490
vn -0.1432 0.6282 0.7648
vn -0.6384 0.7281 -0.2498
vn -0.0418 0.1143 -0.9926
vn 0.8221 -0.3649 -0.4371
vn 0.7991 0.5784 0.1639
vn 0.3612 0.9062 0.2201
vn 0.1209 0.9546 -0.2722
vn 0.4104 0.6568 -0.6326
vn 0.8296 0.4243 -0.3631
vt 0.209473 0.084080
vt 0.199177 0.082056
vt 0.201794 0.074100
vt 0.207252 0.074502
vt 0.210519 0.078029
vt 0.870986 0.086351
vt 0.882340 0.132645
vt 0.832838 0.132076
vt 0.857590 0.089204
vt 0.757758 0.157461
vt 0.729675 0.102917
vt 0.778774 0.089204
vt 0.803526 0.132076
vt 0.803126 0.136799
vt 0.767516 0.157461
vt 0.317341 0.226681
vt 0.365622 0.186167
vt 0.394354 0.198196
vt 0.402064 0.225572
vt 0.372189 0.266126
vt 0.764219 0.244012
vt 0.705057 0.256269
vt 0.685856 0.238472
vt 0.689146 0.203992
vt 0.309674 0.228370
vt 0.312971 0.314921
vt 0.303213 0.314921
vt 0.234601 0.268390
vt 0.231311 0.233910
vt 0.250512 0.216113
vt 0.856609 0.246810
vt 0.848899 0.274186
vt 0.820166 0.286215
vt 0.771886 0.245701
vt 0.826734 0.206256
vt 0.324229 0.383178
vt 0.275130 0.369465
vt 0.348581 0.335583
vt 0.348981 0.340306
vt 0.664018 0.388302
vt 0.665064 0.394353
vt 0.661797 0.397880
vt 0.656339 0.398282
vt 0.653722 0.390326
vt 0.403045 0.383178
vt 0.378293 0.340306
vt 0.427795 0.339737
vt 0.416440 0.386031
vt 0.137654 0.076497
vt 0.216524 0.060111
vt 0.255169 0.127047
vt 0.211551 0.152162
vt 0.132948 0.084648
vt 0.292082 0.132169
vt 0.290287 0.127047
vt 0.328932 0.060111
vt 0.381200 0.030420
vt 0.454546 0.157461
vt 0.340103 0.157461
vt 0.826851 0.157461
vt 0.820630 0.153220
vt 0.887792 0.036891
vt 0.953256 0.076497
vt 0.957962 0.084648
vt 0.963961 0.157461
vt 0.815734 0.153220
vt 0.813760 0.157461
vt 0.636364 0.157461
vt 0.712599 0.025417
vt 0.748572 0.036891
vt 0.527892 0.030420
vt 0.560129 0.025417
vt 0.369708 0.304406
vt 0.360322 0.309180
vt 0.298779 0.202583
vt 0.232251 0.227569
vt 0.181819 0.314921
vt 0.114426 0.198192
vt 0.204561 0.162650
vt 0.909091 0.314921
vt 0.824253 0.167976
vt 0.985091 0.183284
vt 0.814867 0.163202
vt 0.753324 0.269799
vt 0.740711 0.277202
vt 0.686796 0.244813
vt 0.568971 0.274190
vt 0.530546 0.289098
vt 0.286166 0.195180
vt 0.359215 0.314921
vt 0.000000 0.314921
vt 0.076001 0.183284
vt 0.794648 0.314921
vt 0.659106 0.309732
vt 0.509416 0.314921
vt 0.372306 0.314921
vt 0.361189 0.319162
vt 0.294027 0.435491
vt 0.258054 0.446965
vt 0.105584 0.446965
vt 0.073347 0.441962
vt 0.746627 0.340213
vt 0.835745 0.441962
vt 0.783477 0.412271
vt 0.744832 0.345335
vt 0.592199 0.395885
vt 0.587493 0.387734
vt 0.666096 0.320220
vt 0.709714 0.345335
vt 0.671068 0.412271
vt 0.503417 0.387734
vt 0.498711 0.395885
vt 0.433247 0.435491
vt 0.366085 0.319162
s 0
usemtl leaf_color
f 800/1119/588 796/1120/588 797/1121/588 799/1122/588 798/1123/588
f 804/1124/589 802/1125/589 801/1126/589 803/1127/589
f 808/1128/590 807/1129/590 803/1130/590 801/1131/590 805/1132/590 806/1133/590
f 809/1134/591 810/1135/591 812/1136/591 811/1137/591 813/1138/591
f 814/1139/592 817/1140/592 815/1141/592 816/1142/592 808/1128/592 806/1133/592
f 820/1143/593 821/1144/593 822/1145/593 819/1146/593 818/1147/593 823/1148/593
f 824/1149/594 825/1150/594 827/1151/594 826/1152/594 828/1153/594
f 830/1154/595 829/1155/595 822/1145/595 821/1144/595 832/1156/595 831/1157/595
f 833/1158/596 834/1159/596 835/1160/596 837/1161/596 836/1162/596
f 830/1163/597 831/1164/597 838/1165/597 839/1166/597
f 809/1167/598 813/1168/598 832/1169/598 821/1170/598 820/1171/598
f 831/1172/599 832/1173/599 813/1174/599 811/1175/599 793/1176/599 838/1177/599
f 800/1178/600 798/1179/600 810/1180/600 809/1181/600 820/1182/600 823/1183/600
f 798/1184/601 799/1185/601 792/1186/601 812/1187/601 810/1188/601
f 793/1176/602 811/1189/602 812/1190/602 792/1186/602
f 793/1176/603 836/1191/603 837/1192/603 839/1193/603 838/1177/603
f 829/1194/604 794/1195/604 819/1196/604 822/1197/604
f 795/1198/605 796/1199/605 800/1178/605 823/1183/605 818/1200/605
f 797/1201/606 804/1202/606 803/1203/606 807/1204/606 792/1186/606 799/1185/606
f 816/1205/607 815/1206/607 793/1176/607 792/1186/607
f 794/1195/608 829/1194/608 830/1207/608 839/1193/608 837/1192/608 835/1208/608
f 794/1195/609 795/1209/609 818/1210/609 819/1196/609
f 796/1199/610 795/1198/610 802/1211/610 804/1202/610 797/1201/610
f 816/1205/611 792/1186/611 807/1204/611 808/1212/611
f 793/1176/612 815/1206/612 817/1213/612 833/1214/612 836/1191/612
f 835/1208/613 834/1215/613 827/1216/613 825/1217/613 794/1195/613
f 795/1209/614 794/1195/614 825/1218/614 824/1219/614
f 801/1220/615 802/1211/615 795/1198/615 824/1221/615 828/1222/615 805/1223/615
f 826/1224/616 814/1225/616 806/1226/616 805/1227/616 828/1228/616
f 817/1213/617 814/1229/617 826/1230/617 827/1231/617 834/1232/617 833/1214/617
o Icosphere.007
v -14.386102 5.259463 -1.380076
v -12.108708 7.558941 -0.362653
v -15.136206 5.993936 1.765572
v -15.077470 6.063315 1.845145
v -15.192686 6.894668 1.544874
v -15.368314 6.408352 1.348500
v -15.210293 6.051884 1.643524
v -15.169054 7.204174 1.445013
v -14.336030 7.570032 1.471304
v -15.389262 7.746025 0.602916
v -14.277461 8.066873 0.857003
v -13.221620 4.369336 1.151731
v -13.057856 4.228800 1.052521
v -13.115922 4.339294 1.167076
v -13.050361 4.222221 1.043611
v -11.959003 5.309307 1.310280
v -12.991209 5.879939 2.280843
v -13.210596 5.741121 2.288201
v -12.764209 5.842780 2.134958
v -15.560111 7.726032 0.177444
v -13.350178 8.550970 -1.785307
v -14.032481 8.165763 0.541295
v -13.445530 8.597285 -2.780475
v -13.049280 4.221119 1.037746
v -10.750074 5.375556 -1.595744
v -11.003933 5.562545 -0.420319
v -10.934699 5.092371 -1.920173
v -15.744736 7.442848 -0.146985
v -15.490877 7.255859 -1.322410
v -13.444449 8.596183 -2.786340
v -14.535807 7.509097 -3.053010
v -13.144632 4.267434 0.042578
v -12.462329 4.652641 -2.284024
v -11.105548 5.072379 -2.345645
v -12.217349 4.751532 -2.599732
v -13.284214 7.077283 -4.030931
v -13.503601 6.938466 -4.023572
v -13.730601 6.975624 -3.877687
v -13.436954 8.589603 -2.795250
v -13.378888 8.479110 -2.909805
v -11.325756 5.614230 -3.187742
v -12.158780 5.248372 -3.214034
v -11.302124 5.923736 -3.287603
v -11.126496 6.410052 -3.091229
v -11.358604 6.824468 -3.508301
v -11.417340 6.755089 -3.587874
v -11.284517 6.766520 -3.386253
v -13.273190 8.449068 -2.894460
vn -0.8344 0.0812 0.5451
vn -0.3454 0.7455 0.5700
vn -0.2996 -0.7580 0.5793
vn 0.3802 -0.5619 0.7347
vn -0.2918 0.9537 0.0723
vn 0.6506 -0.7156 0.2543
vn -0.6506 0.7156 -0.2543
vn 0.2918 -0.9537 -0.0723
vn -0.3802 0.5619 -0.7347
vn 0.3454 -0.7455 -0.5700
vn 0.8344 -0.0812 -0.5451
vn 0.2996 0.7580 -0.5793
vn -0.6420 -0.7663 0.0258
vn -0.4004 -0.8779 -0.2628
vn -0.8708 -0.4787 -0.1119
vn -0.7707 -0.4125 -0.4857
vn -0.4799 -0.6592 -0.5789
vn -0.2811 -0.6109 0.7401
vn -0.9148 0.1856 0.3586
vn 0.1675 -0.3143 -0.9344
vn -0.1675 0.3143 0.9344
vn 0.2811 0.6109 -0.7401
vn 0.9148 -0.1856 -0.3586
vn 0.7707 0.4125 0.4857
vn 0.4799 0.6592 0.5789
vn 0.4004 0.8779 0.2628
vn 0.6420 0.7663 -0.0258
vn 0.8708 0.4787 0.1119
vt 0.165945 0.077144
vt 0.222290 0.096600
vt 0.189679 0.106320
vt 0.165364 0.088547
vt 0.161341 0.081455
vt 0.295114 0.157461
vt 0.307489 0.104033
vt 0.353099 0.115105
vt 0.356072 0.157461
vt 0.823369 0.148477
vt 0.829655 0.147982
vt 0.818581 0.156769
vt 0.720113 0.091674
vt 0.723543 0.078705
vt 0.736661 0.074779
vt 0.812995 0.148477
vt 0.817783 0.156769
vt 0.817970 0.157461
vt 0.730474 0.157461
vt 0.378433 0.274692
vt 0.363493 0.314672
vt 0.281891 0.173333
vt 0.365794 0.172728
vt 0.703604 0.237351
vt 0.818038 0.157710
vt 0.736436 0.299049
vt 0.714567 0.287687
vt 0.249059 0.235031
vt 0.260022 0.184695
vt 0.363425 0.314921
vt 0.275929 0.314921
vt 0.832978 0.197690
vt 0.820339 0.299654
vt 0.810616 0.314921
vt 0.749659 0.314921
vt 0.282116 0.397603
vt 0.268999 0.393677
vt 0.265568 0.380708
vt 0.363238 0.315613
vt 0.358450 0.323905
vt 0.807644 0.357277
vt 0.762034 0.368349
vt 0.619909 0.383835
vt 0.644224 0.366062
vt 0.676835 0.375782
vt 0.620490 0.395238
vt 0.615886 0.390927
vt 0.368824 0.323905
vt 0.364036 0.315613
vt 0.375110 0.324400
vt 0.232199 0.154577
vt 0.231641 0.154930
vt 0.220617 0.157461
vt 0.098418 0.157461
vt 0.095472 0.149559
vt 0.181819 0.000000
vt 0.238792 0.098682
vt 0.232335 0.154278
vt 0.422683 0.102271
vt 0.306664 0.098682
vt 0.363637 0.000000
vt 0.973304 0.157461
vt 0.885518 0.157461
vt 0.848125 0.105598
vt 0.909091 0.000000
vt 0.995438 0.149559
vt 0.644454 0.143448
vt 0.727273 0.000000
vt 0.788239 0.105598
vt 0.703709 0.154931
vt 0.514109 0.157461
vt 0.488321 0.125244
vt 0.486409 0.102271
vt 0.545455 0.000000
vt 0.628274 0.143448
vt 0.623150 0.157461
vt 0.167489 0.290100
vt 0.097520 0.168910
vt 0.225039 0.163189
vt 0.969656 0.210019
vt 0.957929 0.230330
vt 0.909490 0.226894
vt 0.892181 0.200342
vt 0.515111 0.262363
vt 0.503384 0.242052
vt 0.622034 0.182282
vt 0.552065 0.303472
vt 0.048839 0.230330
vt 0.060565 0.210019
vt 0.168605 0.314921
vt 0.059563 0.314921
vt 0.679584 0.309193
vt 0.675162 0.314921
vt 0.552963 0.314921
vt 0.518759 0.314921
vt 0.430973 0.314921
vt 0.437636 0.272040
vt 0.454945 0.245488
vt 0.189909 0.328934
vt 0.249164 0.317451
vt 0.333694 0.366784
vt 0.272728 0.472382
vt 0.173729 0.328934
vt 0.090910 0.472382
vt 0.031864 0.370111
vt 0.033775 0.347138
vt 0.818182 0.472382
vt 0.761209 0.373700
vt 0.877228 0.370111
vt 0.686880 0.318104
vt 0.693337 0.373700
vt 0.636364 0.472382
vt 0.550017 0.322823
vt 0.686186 0.317452
vt 0.686744 0.317805
vt 0.454546 0.472382
vt 0.393580 0.366784
vt 0.540893 0.322823
s 0
usemtl leaf_color
f 843/1233/618 844/1234/618 845/1235/618 846/1236/618 842/1237/618
f 849/1238/619 847/1239/619 848/1240/619 850/1241/619
f 853/1242/620 851/1243/620 852/1244/620
f 858/1245/621 856/1246/621 857/1247/621 853/1248/621 852/1249/621 854/1250/621 855/1251/621
f 860/1252/622 862/1253/622 859/1254/622 849/1238/622 850/1241/622 861/1255/622
f 865/1256/623 855/1251/623 854/1250/623 863/1257/623 866/1258/623 864/1259/623
f 868/1260/624 867/1261/624 859/1254/624 862/1253/624 869/1262/624 870/1263/624
f 866/1258/625 863/1257/625 871/1264/625 872/1265/625 874/1266/625 873/1267/625
f 875/1268/626 876/1269/626 877/1270/626 870/1263/626 869/1262/626 878/1271/626 879/1272/626
f 873/1267/627 874/1266/627 881/1273/627 880/1274/627
f 886/1275/628 883/1276/628 882/1277/628 885/1278/628 884/1279/628
f 879/1280/629 878/1281/629 887/1282/629
f 854/1283/630 852/1284/630 851/1285/630 842/1286/630 846/1287/630 840/1288/630 871/1289/630 863/1290/630
f 872/1291/631 871/1292/631 840/1293/631
f 845/1294/632 867/1295/632 868/1296/632 840/1297/632 846/1298/632
f 877/1299/633 840/1300/633 868/1301/633 870/1302/633
f 881/1303/634 874/1304/634 872/1305/634 840/1306/634 877/1307/634 876/1308/634
f 857/1309/635 843/1310/635 842/1286/635 851/1285/635 853/1311/635
f 845/1294/636 844/1312/636 847/1313/636 849/1314/636 859/1315/636 867/1295/636
f 882/1316/637 880/1317/637 881/1303/637 876/1308/637 875/1318/637 885/1319/637
f 847/1320/638 844/1321/638 843/1310/638 857/1309/638 856/1322/638 848/1323/638
f 875/1318/639 879/1324/639 887/1325/639 884/1326/639 885/1319/639
f 883/1327/640 864/1328/640 866/1329/640 873/1330/640 880/1317/640 882/1316/640
f 858/1331/641 855/1332/641 865/1333/641 841/1334/641
f 848/1323/642 856/1322/642 858/1335/642 841/1336/642 861/1337/642 850/1338/642
f 841/1339/643 860/1340/643 861/1341/643
f 862/1342/644 860/1343/644 841/1344/644 886/1345/644 884/1326/644 887/1325/644 878/1346/644 869/1347/644
f 841/1348/645 865/1349/645 864/1328/645 883/1327/645 886/1350/645
o tree_4
v 46.638420 0.302496 0.241543
v 46.638401 0.302496 -0.269896
v 47.149841 0.303883 -0.269916
v 47.149860 0.303883 0.241523
v 49.086216 10.130672 0.113312
v 48.872463 10.270573 0.113757
v 48.870945 10.267350 -0.141682
v 44.417549 11.100645 -0.146711
v 44.552990 11.328172 -0.145175
v 44.550114 11.328588 0.116783
v 46.867149 10.561126 -3.373467
v 46.874939 10.723074 -3.181647
v 46.625248 10.726369 -3.173848
v 46.745331 10.069249 1.546592
v 46.743790 10.080792 1.282274
v 47.008724 10.077594 1.283393
v 46.641212 1.104477 0.212328
v 46.645256 1.196864 -0.311080
v 47.157391 1.190458 -0.296916
v 47.156319 1.165939 0.198913
v 46.817326 1.822042 -0.041055
v 47.328762 1.823428 -0.039312
v 47.056572 2.566210 -0.039101
v 47.556892 2.511190 -0.566705
v 47.064625 4.571786 -0.047646
v 47.062340 2.552628 -0.570152
v 47.582382 2.625163 -0.049438
v 47.551029 4.664811 -0.040591
v 46.710148 5.610084 0.050059
v 47.038734 4.684160 -0.568097
v 47.568913 4.632207 -0.569859
v 47.241226 5.524283 0.008963
v 46.599152 6.268254 -0.266689
v 47.115387 6.216098 -0.265678
v 47.117485 6.978186 0.408306
v 47.185921 7.151608 -0.146527
v 46.935539 7.340139 -0.104713
v 47.201374 7.184843 0.113802
v 46.950989 7.280298 0.091485
v 47.329906 7.825270 -0.138320
v 49.088486 10.133417 -0.142128
v 46.520073 7.851396 0.108484
v 46.738068 7.352564 -0.164141
v 45.956329 10.212194 0.102909
v 46.777016 7.842813 -0.133757
v 45.958492 10.206026 -0.131978
v 46.155380 10.369835 -0.144711
v 46.168991 10.357338 0.106441
v 44.415913 11.095878 0.122687
v 46.698132 7.468040 -0.682173
v 47.110821 7.104207 -0.550669
v 46.965645 7.578153 -0.783627
v 46.977833 7.744789 -0.603679
v 46.616787 10.557756 -3.362274
v 46.619118 6.684027 0.325182
v 46.996033 7.415377 0.635138
v 46.751709 7.409296 0.622881
v 46.748169 7.332589 0.134134
v 47.000076 7.588255 0.458205
v 47.004372 8.353203 1.473254
v 46.757923 8.347486 1.470138
v 46.762268 8.450519 1.236040
v 46.992260 8.448051 1.234200
v 47.007381 10.072580 1.547967
vn -0.9623 0.2715 -0.0154
vn -0.9879 0.1169 0.1022
vn 0.0118 -0.3281 -0.9446
vn -0.0290 -0.3056 -0.9517
vn -0.9518 0.3061 -0.0182
vn -0.9999 0.0040 -0.0110
vn 0.9988 -0.0057 -0.0480
vn -0.0032 0.0009 -1.0000
vn -0.0136 -0.0045 0.9999
vn -0.9468 -0.3211 -0.0222
vn 0.9556 0.2411 0.1694
vn -0.9873 -0.1125 0.1123
vn -0.1346 0.0408 -0.9901
vn -0.9155 -0.4023 0.0041
vn 0.9533 0.3016 0.0169
vn 0.1421 0.0500 -0.9886
vn 0.9703 0.2385 -0.0407
vn -0.0044 -0.0179 0.9998
vn -0.4977 -0.8672 -0.0184
vn -0.1369 0.7750 0.6169
vn -0.9953 0.0439 0.0865
vn -0.0249 -0.6554 -0.7548
vn -0.9818 0.1887 -0.0225
vn 1.0000 -0.0080 0.0009
vn 0.0136 -0.0384 -0.9992
vn -1.0000 0.0055 -0.0034
vn -0.0004 0.9995 0.0313
vn 0.0104 0.0431 0.9990
vn -0.0250 0.7550 -0.6553
vn 0.2369 0.7623 0.6024
vn -0.8628 0.5055 -0.0032
vn 0.9626 0.1827 -0.2003
vn 0.9891 -0.1208 0.0842
vn -0.9879 0.1510 -0.0338
vn 0.5360 0.8442 -0.0000
vn 0.0027 -1.0000 -0.0000
vn 0.0078 -0.1961 -0.9805
vn 0.9621 -0.2713 0.0266
vn -0.0101 0.3389 0.9408
vn 0.0081 0.0027 1.0000
vn 0.9533 -0.3013 0.0194
vn 0.0338 -0.0655 0.9973
vn 0.0068 -0.0015 -1.0000
vn 0.0192 0.0042 0.9998
vn -0.9988 -0.0111 0.0473
vn 0.9993 0.0152 0.0328
vn 0.9409 0.3385 0.0109
vn 0.0185 0.1927 -0.9811
vn -0.9591 -0.2366 -0.1555
vn 0.0125 -0.2568 0.9664
vn 0.9823 0.1225 -0.1416
vn 0.8426 -0.5384 0.0103
vn -0.7432 0.6214 0.2480
vn -0.0369 0.0200 0.9991
vn -0.8419 0.5368 -0.0555
vn -0.0145 0.0094 -0.9999
vn -0.9545 -0.2450 -0.1702
vn 0.2901 0.0362 -0.9563
vn 0.2411 0.1534 0.9583
vn 0.0237 0.0041 0.9997
vn 0.9607 0.2448 -0.1307
vn -0.0080 -0.0218 -0.9997
vn -0.0506 -0.0168 -0.9986
vn -0.5021 -0.8646 0.0181
vn 0.5139 0.8578 0.0094
vn 0.9704 0.2111 0.1171
vn 0.0206 0.0135 0.9997
vn -0.1370 -0.4704 -0.8717
vn 0.9989 -0.0072 -0.0473
vn -0.0163 -0.6558 -0.7547
vn 0.1547 0.6555 0.7392
vn 0.0493 -0.4112 0.9102
vn -0.9992 0.0071 0.0385
vn 0.9717 0.1976 -0.1296
vn 0.0601 0.7604 -0.6466
vn -0.0072 -0.6682 0.7439
vn -0.9999 0.0106 -0.0007
vn 0.1224 0.6832 -0.7199
vn 0.9999 0.0109 -0.0124
vn -0.0080 -0.0439 0.9990
vn -0.9999 -0.0090 -0.0077
vn -0.0011 0.0293 -0.9996
vn 0.9997 -0.0050 -0.0224
s 0
usemtl Material.001
f 905//646 904//646 908//646 913//646
f 930//647 937//647 920//647
f 937//648 938//648 920//648
f 938//649 921//649 920//649
f 910//650 913//650 908//650
f 913//651 910//651 912//651
f 914//652 911//652 918//652
f 918//653 913//653 917//653
f 912//654 914//654 915//654
f 917//655 912//655 916//655
f 921//656 919//656 918//656
f 920//657 916//657 942//657
f 927//658 923//658 924//658
f 929//659 930//659 945//659
f 926//660 924//660 932//660
f 932//661 930//661 933//661
f 935//662 932//662 934//662
f 897//663 931//663 935//663
f 936//664 895//664 931//664
f 940//665 930//665 924//665
f 937//666 930//666 900//666
f 898//667 937//667 941//667
f 944//668 945//668 942//668
f 890//669 906//669 907//669 891//669
f 889//670 905//670 906//670 890//670
f 888//671 904//671 905//671 889//671
f 951//672 903//672 902//672 901//672
f 891//673 907//673 904//673 888//673
f 898//674 941//674 900//674 899//674
f 925//675 926//675 922//675
f 895//676 936//676 897//676 896//676
f 938//677 924//677 923//677 921//677
f 921//678 923//678 925//678 922//678
f 945//679 930//679 920//679 942//679
f 928//680 894//680 893//680 892//680
f 891//681 888//681 889//681 890//681
f 906//682 905//682 913//682 911//682
f 906//683 911//683 909//683 907//683
f 907//684 909//684 908//684 904//684
f 909//685 914//685 910//685 908//685
f 914//686 909//686 911//686
f 912//687 915//687 919//687 916//687
f 913//688 918//688 911//688
f 912//689 910//689 914//689
f 917//690 913//690 912//690
f 918//691 915//691 914//691
f 918//692 919//692 915//692
f 917//693 920//693 921//693 918//693
f 920//694 917//694 916//694
f 916//695 919//695 922//695 942//695
f 921//696 922//696 919//696
f 923//697 928//697 892//697 925//697
f 926//698 927//698 924//698
f 926//699 925//699 892//699 893//699
f 926//700 893//700 894//700 927//700
f 923//701 927//701 894//701 928//701
f 929//702 931//702 933//702 930//702
f 932//703 924//703 930//703
f 926//704 929//704 945//704
f 929//705 926//705 935//705 931//705
f 932//706 935//706 926//706
f 933//707 895//707 896//707 934//707
f 933//708 934//708 932//708
f 895//709 933//709 931//709
f 934//710 896//710 897//710 935//710
f 938//711 939//711 940//711 924//711
f 936//712 931//712 897//712
f 937//713 939//713 938//713
f 940//714 939//714 898//714 899//714
f 937//715 898//715 939//715
f 940//716 899//716 900//716 930//716
f 922//717 943//717 944//717 942//717
f 941//718 937//718 900//718
f 926//719 946//719 943//719 922//719
f 946//720 926//720 945//720
f 943//721 947//721 948//721 944//721
f 945//722 944//722 948//722 949//722
f 946//723 945//723 949//723 950//723
f 946//724 950//724 947//724 943//724
f 947//725 951//725 901//725 948//725
f 949//726 948//726 901//726 902//726
f 949//727 902//727 903//727 950//727
f 950//728 903//728 951//728 947//728
o Sphere
v 47.710068 13.493584 -2.251792
v 47.275948 12.595657 -3.549704
v 46.781082 11.771024 -4.419683
v 46.660229 11.321605 -4.573455
v 46.544361 10.835009 -4.460768
v 46.583881 9.635182 -3.582872
v 47.979767 13.971888 -1.117290
v 48.075027 13.770967 -1.646599
v 48.109421 13.456439 -2.248893
v 48.058735 13.030270 -2.975272
v 47.959850 12.538353 -3.707615
v 47.797844 12.085126 -4.236076
v 47.634674 11.651103 -4.574668
v 47.520809 11.194301 -4.632515
v 47.388371 10.713154 -4.449379
v 47.265858 10.220062 -4.091545
v 47.282368 9.707373 -3.594364
v 47.386284 9.307810 -3.061412
v 47.531403 8.823136 -2.346043
v 47.426426 8.524769 -1.291116
v 47.125847 8.417713 -0.466270
v 48.112713 13.965642 -1.102795
v 48.334499 13.755953 -1.612662
v 48.512001 13.422712 -2.163762
v 48.619160 12.993320 -2.870796
v 48.668678 12.498587 -3.599971
v 48.643280 11.999198 -4.175992
v 48.567741 11.502471 -4.480935
v 48.485695 11.019806 -4.478175
v 48.369160 10.529067 -4.247672
v 48.219082 10.066254 -3.910522
v 48.145630 9.642365 -3.483372
v 48.126034 9.266029 -2.973740
v 48.043140 8.847465 -2.239445
v 47.740391 8.560832 -1.203760
v 47.271549 8.434224 -0.443910
v 48.235065 13.961105 -1.064048
v 48.573997 13.744093 -1.533224
v 48.890369 13.400119 -2.010407
v 49.209007 12.936152 -2.663354
v 49.492710 12.423407 -3.415941
v 49.576427 11.891600 -3.905940
v 49.568081 11.351618 -4.160113
v 49.493103 10.841662 -4.131177
v 49.353390 10.350986 -3.901980
v 49.215561 9.892013 -3.602672
v 49.079082 9.480917 -3.221160
v 48.895973 9.120915 -2.714772
v 48.547367 8.800797 -1.969757
v 48.048916 8.575210 -1.035965
v 47.410339 8.441847 -0.395633
v 48.341866 13.958757 -1.002313
v 48.793293 13.733346 -1.426110
v 49.224964 13.389575 -1.814584
v 49.722137 12.900672 -2.314260
v 50.219994 12.325191 -2.947356
v 50.482258 11.756726 -3.369991
v 50.576164 11.180769 -3.569344
v 50.531723 10.640831 -3.597214
v 50.298492 10.175071 -3.401625
v 50.051426 9.732029 -3.115353
v 49.837673 9.315346 -2.765028
v 49.505737 8.973727 -2.257212
v 48.976826 8.721288 -1.560583
v 48.329674 8.563762 -0.815062
v 47.536316 8.439798 -0.322580
v 48.428761 13.959217 -0.919710
v 48.976444 13.728928 -1.284609
v 49.514717 13.389544 -1.609521
v 50.103107 12.930734 -1.908522
v 50.659195 12.357153 -2.240721
v 51.019379 11.725389 -2.483462
v 51.185146 11.108973 -2.598854
v 51.177891 10.536285 -2.630358
v 50.939175 10.046968 -2.527666
v 50.621002 9.604837 -2.330516
v 50.291473 9.204998 -2.048707
v 49.864174 8.911702 -1.631861
v 49.269150 8.706667 -1.110822
v 48.569138 8.532203 -0.611241
v 47.639111 8.433185 -0.228522
v 47.853535 14.066090 -0.498053
v 48.492218 13.962618 -0.819184
v 49.115910 13.739334 -1.103604
v 49.757732 13.443545 -1.351844
v 50.429153 13.036328 -1.565397
v 51.021545 12.494612 -1.736197
v 51.386215 11.852561 -1.815852
v 51.519737 11.180359 -1.825557
v 51.479633 10.586854 -1.788389
v 51.229164 10.074345 -1.669331
v 50.898712 9.622070 -1.510380
v 50.536663 9.226091 -1.337048
v 50.061592 8.928374 -1.079424
v 49.463284 8.698171 -0.746172
v 48.719013 8.508373 -0.393345
v 47.710892 8.425676 -0.117074
v 48.529663 13.968867 -0.704368
v 49.208370 13.767500 -0.888704
v 49.918289 13.532564 -1.035725
v 50.621002 13.209085 -1.134983
v 51.214096 12.735027 -1.203884
v 51.623158 12.066374 -1.193665
v 51.809361 11.367050 -1.069382
v 51.788158 10.684298 -0.995599
v 51.472866 10.089258 -0.870416
v 51.089825 9.541899 -0.807693
v 50.659782 9.136744 -0.786419
v 50.118515 8.867159 -0.653592
v 49.532761 8.654900 -0.403514
v 48.790104 8.490290 -0.147843
v 47.746197 8.421364 0.008169
v 48.539581 13.977644 -0.579466
v 49.240536 13.802941 -0.645253
v 49.975674 13.626327 -0.674650
v 50.659649 13.389841 -0.636974
v 51.243530 12.977561 -0.542430
v 51.681984 12.253145 -0.287321
v 51.895531 11.539442 0.029154
v 51.780048 10.758487 0.140106
v 51.491295 9.891088 0.088817
v 51.170265 9.220133 -0.030214
v 50.665813 8.859289 -0.152274
v 50.073746 8.701999 -0.173570
v 49.496208 8.573790 -0.036373
v 48.782635 8.464891 0.112259
v 47.743954 8.422050 0.143101
v 48.522751 13.988123 -0.451176
v 49.208794 13.835464 -0.388915
v 49.933979 13.694154 -0.298345
v 50.574970 13.510178 -0.134755
v 51.164528 13.097828 0.154315
v 51.636421 12.387432 0.638748
v 51.794231 11.495046 1.069662
v 51.632679 10.407777 1.088887
v 51.430149 9.442872 0.944054
v 51.088375 8.945622 0.801266
v 50.543339 8.619508 0.530053
v 49.941807 8.524014 0.348285
v 49.385971 8.487665 0.350481
v 48.705448 8.434704 0.377234
v 47.709293 8.426486 0.283952
v 48.480042 13.999600 -0.324615
v 49.112118 13.860090 -0.129487
v 49.789223 13.723306 0.066908
v 50.394562 13.555045 0.322281
v 50.977966 13.154575 0.738191
v 51.461479 12.439207 1.337356
v 51.590462 11.492493 1.865778
v 51.387096 10.260309 1.874204
v 51.197441 9.362056 1.734248
v 50.858131 8.853762 1.518926
v 50.314644 8.550593 1.156775
v 49.735119 8.433028 0.862646
v 49.217190 8.426836 0.745329
v 48.570198 8.419913 0.644834
v 47.647453 8.433571 0.426092
v 48.412312 14.011586 -0.203009
v 48.956554 13.881638 0.129080
v 49.564869 13.753173 0.429907
v 50.108475 13.581179 0.764249
v 50.630527 13.170828 1.244509
v 51.065773 12.452634 1.910321
v 51.167492 11.511613 2.498396
v 51.003044 10.276217 2.539497
v 50.826473 9.419937 2.382458
v 50.519829 8.883408 2.129112
v 50.007790 8.541726 1.718053
v 49.476181 8.393128 1.354231
v 48.991066 8.395681 1.128417
v 48.371578 8.436823 0.910315
v 47.562111 8.440580 0.566079
v 48.322559 14.023284 -0.091528
v 48.752850 13.900903 0.373955
v 49.242859 13.754404 0.779677
v 49.675312 13.547930 1.192210
v 50.074734 13.134428 1.699037
v 50.416729 12.407490 2.377656
v 50.550503 11.589330 2.963205
v 50.412449 10.493022 3.065936
v 50.280075 9.608946 2.889819
v 50.046177 9.022972 2.632271
v 49.613785 8.586912 2.204504
v 49.159554 8.379817 1.815449
v 48.710735 8.384938 1.518790
v 48.146286 8.448807 1.178565
v 47.452084 8.447023 0.697035
v 48.214931 14.033733 0.005197
v 48.526840 13.913013 0.565912
v 48.851482 13.741081 1.101745
v 49.140583 13.491653 1.599767
v 49.365246 13.092123 2.102953
v 49.569061 12.409634 2.712918
v 49.712307 11.732432 3.215875
v 49.649178 10.943995 3.439468
v 49.563797 10.061014 3.308045
v 49.418442 9.284521 3.039785
v 49.109947 8.710360 2.660067
v 48.779408 8.416122 2.285477
v 48.426296 8.378259 1.917139
v 47.920944 8.451217 1.436975
v 47.329514 8.450476 0.814578
v 48.094677 14.042381 0.083476
v 48.285000 13.927908 0.718204
v 48.438931 13.730762 1.363101
v 48.574348 13.447498 1.949477
v 48.662613 13.045108 2.482915
v 48.739799 12.497959 2.976902
v 48.828365 11.827725 3.391374
v 48.839668 11.130457 3.609185
v 48.804550 10.386151 3.616888
v 48.753666 9.473724 3.428710
v 48.570435 8.868828 3.066248
v 48.364410 8.537372 2.692420
v 48.119671 8.435758 2.243827
v 47.685356 8.474463 1.645926
v 47.200203 8.450913 0.912196
v 47.966755 14.049043 0.140090
v 48.036232 13.939388 0.825986
v 48.068180 13.735516 1.519445
v 48.070797 13.440023 2.179868
v 48.072041 13.039739 2.761684
v 48.078026 12.548485 3.230738
v 48.094074 11.933894 3.577894
v 48.109909 11.205853 3.773333
v 48.115608 10.381809 3.801906
v 48.105484 9.594348 3.645430
v 48.043839 9.019140 3.351439
v 47.939663 8.697722 2.966348
v 47.758057 8.542892 2.437202
v 47.438210 8.507683 1.784011
v 47.067547 8.448629 0.983567
v 47.836143 14.053555 0.172741
v 47.786598 13.944817 0.885503
v 47.713078 13.740554 1.602078
v 47.626022 13.444850 2.282020
v 47.549282 13.049189 2.885532
v 47.491631 12.566214 3.376677
v 47.469112 11.954358 3.731313
v 47.487907 11.218421 3.917884
v 47.539898 10.363380 3.940176
v 47.538467 9.671879 3.743440
v 47.517841 9.155713 3.455582
v 47.474052 8.865200 3.068052
v 47.345264 8.697368 2.508991
v 47.140060 8.552656 1.838547
v 46.934853 8.443670 1.023646
v 47.707619 14.055950 0.180192
v 47.542866 13.946757 0.896859
v 47.368359 13.742225 1.617477
v 47.198128 13.446522 2.299736
v 47.052223 13.058097 2.903162
v 46.943737 12.584599 3.391168
v 46.888542 11.983530 3.740182
v 46.891174 11.256402 3.919242
v 46.971058 10.393965 3.936144
v 46.990387 9.735533 3.733481
v 47.005951 9.277629 3.444273
v 47.018749 8.999442 3.066722
v 46.943733 8.807926 2.508575
v 46.843700 8.594362 1.822524
v 46.803204 8.435799 1.029179
v 47.585613 14.056433 0.162315
v 47.312317 13.946671 0.860284
v 47.045673 13.741188 1.563270
v 46.802048 13.444062 2.229667
v 46.596043 13.061455 2.819424
v 46.443188 12.597305 3.295833
v 46.358105 12.014783 3.633484
v 46.345272 11.306026 3.800637
v 46.429867 10.475239 3.804454
v 46.465794 9.848066 3.595979
v 46.524227 9.384710 3.318596
v 46.574394 9.111403 2.957495
v 46.562157 8.875648 2.419604
v 46.571697 8.587659 1.761674
v 46.675987 8.426229 1.000743
v 47.473888 14.055542 0.120336
v 47.102551 13.944548 0.776434
v 46.754967 13.737727 1.439331
v 46.447048 13.439411 2.070336
v 46.176392 13.059640 2.634952
v 45.961754 12.607170 3.094120
v 45.827301 12.061484 3.416601
v 45.791573 11.390812 3.571229
v 45.868038 10.635243 3.559208
v 45.976521 9.949102 3.380447
v 46.074341 9.500274 3.086408
v 46.155155 9.208094 2.753691
v 46.217422 8.886767 2.265236
v 46.325642 8.565756 1.651806
v 46.557476 8.417397 0.944085
v 47.376015 14.053582 0.056121
v 46.919914 13.940428 0.648150
v 46.501778 13.731933 1.249926
v 46.106258 13.434034 1.835682
v 45.750370 13.056797 2.366989
v 45.464806 12.613070 2.799617
v 45.275120 12.108111 3.098252
v 45.211864 11.493874 3.238731
v 45.275925 10.810663 3.220942
v 45.430004 10.081423 3.070835
v 45.622295 9.509705 2.784885
v 45.803848 9.197567 2.483386
v 45.920906 8.845413 2.045214
v 46.112991 8.541863 1.491441
v 46.451157 8.408062 0.858423
v 46.849403 8.399073 0.207177
v 47.295292 14.050638 -0.027859
v 46.769524 13.934409 0.480412
v 46.275944 13.724575 1.007114
v 45.785496 13.428429 1.535441
v 45.336876 13.055795 2.020417
v 44.972599 12.618777 2.413675
v 44.730106 12.131637 2.678680
v 44.639286 11.577057 2.798170
v 44.669346 10.951528 2.778214
v 44.820782 10.309048 2.632882
v 45.124565 9.574456 2.392794
v 45.470592 9.107771 2.129347
v 45.641895 8.788431 1.742725
v 45.931698 8.532307 1.275893
v 46.360851 8.398524 0.747516
v 47.234413 14.046841 -0.128308
v 46.655441 13.926644 0.280104
v 46.089165 13.715586 0.719474
v 45.511337 13.421406 1.176068
v 44.970146 13.053803 1.600834
v 44.519382 12.623803 1.940995
v 44.208817 12.143789 2.158669
v 44.061752 11.625841 2.240765
v 44.044392 11.055093 2.211369
v 44.185009 10.454492 2.101333
v 44.587784 9.744648 1.913268
v 45.100670 9.075659 1.676321
v 45.366505 8.776301 1.355189
v 45.788113 8.536892 1.015728
v 46.290886 8.388264 0.617422
v 47.195450 14.042352 -0.241245
v 46.580528 13.917515 0.055587
v 45.958584 13.704465 0.395527
v 45.313301 13.411153 0.766232
v 44.695526 13.046862 1.117589
v 44.165012 12.621223 1.394738
v 43.775166 12.145747 1.557678
v 43.568794 11.633621 1.598929
v 43.511292 11.107041 1.565699
v 43.619911 10.555721 1.484461
v 44.111317 9.848438 1.367885
v 44.746330 9.070697 1.186763
v 45.163147 8.763563 0.953080
v 45.675674 8.532465 0.729348
v 46.237862 8.380010 0.472695
v 47.179802 14.037355 -0.362193
v 46.547405 13.907581 -0.184032
v 45.898079 13.690850 0.046113
v 45.221653 13.396147 0.319155
v 44.573341 13.031215 0.589755
v 43.981140 12.606316 0.796430
v 43.521751 12.132533 0.903395
v 43.254410 11.623413 0.908755
v 43.157734 11.103797 0.874603
v 43.246735 10.591480 0.828652
v 43.708824 9.931930 0.771764
v 44.440708 9.120192 0.684830
v 44.978542 8.752253 0.540798
v 45.594181 8.521336 0.434199
v 46.203720 8.374655 0.320478
v 47.188187 14.032052 -0.486373
v 46.558529 13.897218 -0.429222
v 45.905861 13.675810 -0.313147
v 45.237537 13.376962 -0.139565
v 44.554016 13.009683 0.037320
v 43.913189 12.583246 0.166946
v 43.401901 12.109375 0.218701
v 43.086563 11.604130 0.196933
v 42.952446 11.090973 0.168527
v 43.019302 10.593563 0.161342
v 43.477463 9.970892 0.182813
v 44.265320 9.183089 0.203294
v 44.900017 8.729712 0.141749
v 45.606560 8.481740 0.156669
v 46.204155 8.366226 0.171355
v 47.221855 14.026236 -0.611143
v 46.617584 13.886065 -0.675212
v 45.994972 13.659307 -0.671969
v 45.345837 13.355504 -0.602754
v 44.655815 12.984158 -0.519625
v 43.996666 12.559552 -0.456878
v 43.460892 12.091778 -0.441917
v 43.115150 11.594525 -0.474171
v 42.945934 11.087505 -0.494192
v 42.980133 10.597355 -0.466468
v 43.409542 10.004300 -0.389954
v 44.190079 9.249125 -0.299894
v 44.976723 8.675967 -0.233877
v 45.686844 8.429369 -0.115406
v 46.254116 8.349207 0.031693
v 47.279762 14.019741 -0.730989
v 46.720604 13.875263 -0.907206
v 46.157715 13.642837 -1.018143
v 45.551380 13.331776 -1.127942
v 44.891983 12.961014 -1.211067
v 44.262188 12.545189 -1.232084
v 43.743343 12.087063 -1.232011
v 43.388760 11.598424 -1.255476
v 43.187832 11.097793 -1.293117
v 43.172512 10.615259 -1.293286
v 43.481758 10.094435 -1.212501
v 44.211586 9.311871 -0.999326
v 45.172371 8.623486 -0.677414
v 45.844273 8.379799 -0.367522
v 46.332962 8.336093 -0.096822
v 47.360012 14.012574 -0.840802
v 46.866642 13.863913 -1.117675
v 46.375809 13.625339 -1.380042
v 45.821918 13.309653 -1.727122
v 45.228355 12.930237 -2.042498
v 44.666248 12.477524 -2.239495
v 44.219185 12.004842 -2.359742
v 43.898617 11.531343 -2.414968
v 43.675667 11.042160 -2.420052
v 43.617027 10.510017 -2.342736
v 43.883278 9.919790 -2.112050
v 44.411358 9.349399 -1.773072
v 45.373768 8.617123 -1.210851
v 46.067612 8.348827 -0.623908
v 46.435875 8.329704 -0.211295
v 47.460182 14.004749 -0.936586
v 47.055408 13.848802 -1.302240
v 46.642933 13.599703 -1.722332
v 46.161541 13.266997 -2.268938
v 45.621510 12.803468 -2.695354
v 45.069389 12.311214 -3.011425
v 44.650551 11.825733 -3.249369
v 44.373550 11.351605 -3.330819
v 44.180950 10.832880 -3.300862
v 44.157124 10.275199 -3.130101
v 44.460606 9.681016 -2.780972
v 44.931046 9.145129 -2.344212
v 45.604446 8.657623 -1.717781
v 46.322414 8.354867 -0.862021
v 46.558281 8.331744 -0.309263
v 47.576885 13.996408 -1.014777
v 47.280701 13.830313 -1.454353
v 46.952839 13.568045 -1.992913
v 46.566414 13.190671 -2.632073
v 46.099979 12.704128 -3.086265
v 45.630737 12.232410 -3.494822
v 45.306957 11.774868 -3.852221
v 45.123569 11.301296 -4.010249
v 44.974068 10.799465 -3.965973
v 44.924732 10.217145 -3.700828
v 45.189083 9.563004 -3.218123
v 45.574429 9.040735 -2.704109
v 46.061310 8.659136 -2.036467
v 46.585770 8.388753 -1.061952
v 46.692966 8.344501 -0.385600
v 47.705833 13.987844 -1.072366
v 47.533871 13.809791 -1.566532
v 47.316666 13.531770 -2.165736
v 47.016998 13.127922 -2.829450
v 46.645184 12.646844 -3.310954
v 46.274040 12.217451 -3.766392
v 46.021362 11.808640 -4.181483
v 45.902950 11.353138 -4.389006
v 45.793468 10.865036 -4.330027
v 45.712444 10.276811 -4.000077
v 45.922863 9.557978 -3.450941
v 46.207436 9.048981 -2.906948
v 46.572136 8.668556 -2.213390
v 46.836151 8.436474 -1.205049
v 46.835518 8.366255 -0.438012
v 47.841991 13.979490 -1.107035
v 47.803932 13.789233 -1.631461
v 47.515511 13.076723 -2.939727
v 47.008217 12.171010 -4.036945
v 46.453579 10.277576 -4.118083
v 46.772121 9.198231 -3.024622
v 47.044773 8.746572 -2.320449
v 47.123371 8.478316 -1.284905
v 46.980850 8.392879 -0.465333
vn 0.1386 -0.9563 -0.2575
vn -0.0746 0.6721 -0.7367
vn 0.1556 -0.9851 -0.0734
vn -0.0848 0.2474 -0.9652
vn 0.0440 0.9890 -0.1415
vn 0.1689 -0.9847 0.0421
vn -0.0671 -0.2759 -0.9588
vn 0.0378 0.9375 -0.3460
vn -0.0403 -0.5487 -0.8351
vn 0.0655 0.8916 -0.4481
vn 0.0139 -0.6654 -0.7464
vn 0.0577 0.8531 -0.5185
vn 0.0851 -0.7796 -0.6204
vn -0.0232 0.8122 -0.5829
vn 0.1057 -0.8155 -0.5690
vn -0.0784 0.7704 -0.6327
vn 0.0704 -0.8453 -0.5297
vn 0.1311 0.7396 -0.6602
vn 0.1276 -0.9613 -0.2441
vn 0.1428 0.5378 -0.8309
vn 0.1324 -0.9878 -0.0814
vn 0.1346 0.0300 -0.9904
vn 0.0615 0.9885 -0.1379
vn 0.1099 -0.9938 0.0176
vn 0.0906 -0.4096 -0.9078
vn 0.0928 0.9354 -0.3413
vn 0.0540 -0.5972 -0.8003
vn 0.1477 0.8737 -0.4635
vn 0.0295 -0.7030 -0.7105
vn 0.1611 0.8502 -0.5011
vn 0.0207 -0.8012 -0.5980
vn 0.1426 0.8181 -0.5571
vn 0.1478 0.9349 -0.3228
vn 0.1550 -0.5936 -0.7897
vn 0.2213 0.8599 -0.4600
vn 0.0857 -0.7042 -0.7048
vn 0.2472 0.8436 -0.4768
vn 0.0320 -0.8123 -0.5823
vn 0.2200 0.8290 -0.5142
vn 0.0454 -0.8990 -0.4356
vn 0.2455 0.7034 -0.6670
vn 0.0800 -0.9721 -0.2203
vn 0.3159 0.4304 -0.8455
vn 0.0994 -0.9895 -0.1051
vn 0.3031 -0.0783 -0.9497
vn 0.0780 0.9883 -0.1307
vn 0.0600 -0.9981 -0.0150
vn 0.2172 -0.4600 -0.8610
vn 0.4642 0.6474 -0.6045
vn 0.0454 -0.9802 -0.1927
vn 0.5156 0.3562 -0.7792
vn 0.0676 -0.9880 -0.1389
vn 0.4732 -0.0547 -0.8792
vn 0.0919 0.9883 -0.1214
vn 0.0161 -0.9983 -0.0558
vn 0.3291 -0.4875 -0.8087
vn 0.1905 0.9362 -0.2953
vn 0.2955 -0.6057 -0.7388
vn 0.2744 0.8542 -0.4416
vn 0.2533 -0.6987 -0.6691
vn 0.3337 0.8289 -0.4491
vn 0.1476 -0.8469 -0.5109
vn 0.3739 0.8201 -0.4331
vn 0.0706 -0.9411 -0.3308
vn 0.5681 -0.6432 -0.5135
vn 0.3065 0.8604 -0.4072
vn 0.5232 -0.7114 -0.4692
vn 0.3748 0.8098 -0.4514
vn 0.3450 -0.8816 -0.3221
vn 0.4832 0.7790 -0.3997
vn 0.1920 -0.9638 -0.1849
vn 0.6879 0.5906 -0.4218
vn 0.1016 -0.9831 -0.1522
vn 0.8175 0.3067 -0.4875
vn 0.0400 -0.9843 -0.1721
vn 0.8388 -0.0099 -0.5443
vn 0.1014 0.9885 -0.1122
vn 0.0027 -0.9973 -0.0731
vn 0.6775 -0.5025 -0.5371
vn 0.2264 0.9397 -0.2562
vn 0.1589 -0.9761 -0.1480
vn 0.8585 0.2432 -0.4514
vn 0.0495 -0.9906 -0.1276
vn 0.9307 -0.0396 -0.3637
vn 0.1088 0.9888 -0.1022
vn 0.0044 -0.9975 -0.0701
vn 0.8400 -0.4701 -0.2708
vn 0.2429 0.9444 -0.2214
vn 0.7405 -0.6301 -0.2337
vn 0.2883 0.8788 -0.3804
vn 0.6742 -0.7074 -0.2124
vn 0.3293 0.7874 -0.5211
vn 0.4684 -0.8727 -0.1380
vn 0.4390 0.7039 -0.5584
vn 0.2718 -0.9563 -0.1075
vn 0.6700 0.5163 -0.5334
vn 0.2617 0.9087 -0.3252
vn 0.6543 -0.7101 -0.2601
vn 0.3375 0.8271 -0.4494
vn 0.4127 -0.8857 -0.2127
vn 0.5017 0.7041 -0.5025
vn 0.2688 -0.9475 -0.1730
vn 0.7519 0.4684 -0.4640
vn 0.1737 -0.9743 -0.1431
vn 0.9012 0.1770 -0.3957
vn 0.0574 -0.9954 -0.0766
vn 0.9348 -0.0751 -0.3472
vn 0.1144 0.9892 -0.0912
vn 0.0162 -0.9991 -0.0390
vn 0.8368 -0.4839 -0.2562
vn 0.2403 0.9511 -0.1940
vn 0.7621 -0.5986 -0.2467
vn 0.9648 0.2379 -0.1124
vn 0.0480 -0.9970 -0.0612
vn 0.9951 -0.0960 -0.0242
vn 0.1182 0.9898 -0.0789
vn 0.0261 -0.9996 0.0055
vn 0.9234 -0.3828 -0.0272
vn 0.2362 0.9612 -0.1424
vn 0.8533 -0.4842 -0.1935
vn 0.2393 0.9417 -0.2367
vn 0.6180 -0.7093 -0.3390
vn 0.3424 0.8832 -0.3205
vn 0.3014 -0.8897 -0.3430
vn 0.5762 0.7562 -0.3099
vn 0.1917 -0.9472 -0.2570
vn 0.8551 0.4857 -0.1811
vn 0.1403 -0.9777 -0.1562
vn 0.5863 -0.7878 -0.1885
vn 0.3201 0.9348 -0.1542
vn 0.2434 -0.9311 -0.2716
vn 0.5906 0.8029 -0.0805
vn 0.1089 -0.9620 -0.2506
vn 0.8484 0.5291 -0.0179
vn 0.0956 -0.9843 -0.1481
vn 0.9659 0.2516 0.0606
vn 0.0268 -0.9981 -0.0560
vn 0.9856 -0.1395 0.0955
vn 0.1200 0.9906 -0.0652
vn 0.0284 -0.9989 0.0384
vn 0.9660 -0.2587 -0.0029
vn 0.2288 0.9702 -0.0796
vn 0.8747 -0.4680 -0.1263
vn 0.2161 0.9679 -0.1284
vn 0.0002 -0.9998 -0.0187
vn 0.9550 -0.1472 0.2574
vn 0.1190 0.9916 -0.0498
vn 0.0263 -0.9978 0.0612
vn 0.9388 -0.2360 0.2508
vn 0.2187 0.9757 -0.0123
vn 0.7857 -0.5939 0.1732
vn 0.1962 0.9805 -0.0086
vn 0.4746 -0.8783 0.0570
vn 0.2662 0.9638 0.0185
vn 0.2007 -0.9778 -0.0604
vn 0.5243 0.8454 0.1023
vn 0.0544 -0.9883 -0.1425
vn 0.7592 0.6308 0.1606
vn 0.0499 -0.9946 -0.0906
vn 0.9367 0.2653 0.2286
vn 0.1981 -0.9783 0.0612
vn 0.4325 0.8662 0.2502
vn 0.0263 -0.9974 -0.0664
vn 0.5857 0.7139 0.3837
vn -0.0184 -0.9993 -0.0340
vn 0.7651 0.3945 0.5089
vn -0.0238 -0.9988 0.0423
vn 0.8422 -0.1150 0.5268
vn 0.1148 0.9928 -0.0339
vn 0.0252 -0.9975 0.0653
vn 0.8316 -0.2569 0.4924
vn 0.2078 0.9775 0.0359
vn 0.6741 -0.6061 0.4221
vn 0.1892 0.9813 0.0345
vn 0.3818 -0.8961 0.2262
vn 0.2420 0.9664 0.0862
vn 0.1067 0.9941 -0.0184
vn 0.0235 -0.9974 0.0688
vn 0.6003 -0.2519 0.7591
vn 0.1929 0.9784 0.0738
vn 0.4943 -0.5459 0.6765
vn 0.1700 0.9785 0.1166
vn 0.3128 -0.8458 0.4321
vn 0.1949 0.9538 0.2286
vn 0.2048 -0.9610 0.1859
vn 0.3136 0.8523 0.4186
vn 0.0054 -0.9997 -0.0244
vn 0.3826 0.7312 0.5648
vn -0.0656 -0.9967 -0.0484
vn 0.5142 0.5226 0.6801
vn -0.0182 -0.9994 0.0308
vn 0.6292 -0.0337 0.7765
vn 0.2619 0.8244 0.5018
vn 0.0077 -0.9992 0.0400
vn 0.2894 0.7045 0.6480
vn -0.0767 -0.9949 -0.0660
vn 0.3096 0.5964 0.7405
vn -0.0064 -0.9999 0.0097
vn 0.3985 0.1150 0.9099
vn 0.0937 0.9956 -0.0033
vn 0.0301 -0.9977 0.0607
vn 0.3628 -0.2030 0.9095
vn 0.1643 0.9799 0.1133
vn 0.3056 -0.4157 0.8566
vn 0.1575 0.9688 0.1914
vn 0.2569 -0.7113 0.6542
vn 0.1827 0.9294 0.3206
vn 0.2206 -0.9038 0.3667
vn 0.2628 -0.0925 0.9604
vn 0.1472 0.9804 0.1310
vn 0.3381 -0.2819 0.8979
vn 0.1562 0.9590 0.2365
vn 0.3153 -0.5962 0.7383
vn 0.1833 0.9088 0.3747
vn 0.2132 -0.8194 0.5321
vn 0.2545 0.8006 0.5425
vn -0.0416 -0.9794 0.1977
vn 0.3016 0.6742 0.6742
vn -0.1338 -0.9909 0.0140
vn 0.2607 0.5736 0.7766
vn -0.0299 -0.9987 0.0416
vn 0.2352 0.2693 0.9339
vn 0.0773 0.9970 0.0086
vn 0.0378 -0.9978 0.0546
vn -0.1378 -0.9417 0.3071
vn 0.3144 0.6589 0.6834
vn -0.1713 -0.9801 0.1005
vn 0.3108 0.5033 0.8063
vn -0.0394 -0.9964 0.0756
vn 0.2560 0.2737 0.9271
vn 0.0591 0.9981 0.0162
vn 0.0447 -0.9977 0.0511
vn 0.2398 0.0180 0.9707
vn 0.1107 0.9832 0.1451
vn 0.2658 -0.2007 0.9429
vn 0.1386 0.9538 0.2665
vn 0.2361 -0.5093 0.8276
vn 0.1736 0.9005 0.3988
vn 0.1119 -0.7755 0.6214
vn 0.2479 0.7956 0.5527
vn 0.0629 0.9862 0.1531
vn 0.1857 -0.2296 0.9554
vn 0.0822 0.9567 0.2793
vn 0.0697 -0.4734 0.8781
vn 0.1052 0.9074 0.4069
vn -0.1053 -0.7696 0.6297
vn 0.1424 0.8175 0.5580
vn -0.2630 -0.9020 0.3425
vn 0.1881 0.6843 0.7045
vn -0.2273 -0.9489 0.2191
vn 0.2244 0.4831 0.8463
vn -0.0643 -0.9900 0.1259
vn 0.2313 0.2508 0.9400
vn 0.0394 0.9990 0.0197
vn 0.0521 -0.9974 0.0490
vn 0.2295 0.0373 0.9726
vn 0.0401 0.7114 0.7017
vn -0.2104 -0.9325 0.2936
vn 0.0390 0.4996 0.8654
vn -0.0819 -0.9810 0.1757
vn 0.0223 0.2427 0.9698
vn 0.0197 0.9996 0.0192
vn 0.0616 -0.9969 0.0480
vn -0.0010 0.0227 0.9997
vn 0.0193 0.9880 0.1535
vn -0.0360 -0.2840 0.9582
vn 0.0185 0.9608 0.2765
vn -0.1058 -0.5064 0.8558
vn 0.0212 0.9156 0.4015
vn -0.2142 -0.7798 0.5883
vn 0.0305 0.8356 0.5485
vn -0.2592 -0.9047 0.3383
vn -0.2848 -0.3031 0.9094
vn -0.0452 0.9636 0.2635
vn -0.3203 -0.5148 0.7952
vn -0.0707 0.9210 0.3831
vn -0.3217 -0.7716 0.5487
vn -0.0931 0.8485 0.5209
vn -0.2811 -0.8864 0.3679
vn -0.1144 0.7276 0.6764
vn -0.1672 -0.9200 0.3546
vn -0.1445 0.5093 0.8484
vn -0.0051 -0.9795 0.2014
vn -0.1826 0.2317 0.9555
vn 0.0017 0.9999 0.0153
vn 0.0642 -0.9968 0.0481
vn -0.2255 -0.0100 0.9742
vn -0.0215 0.9890 0.1464
vn -0.1684 -0.8950 0.4131
vn -0.3002 0.5246 0.7967
vn -0.0107 -0.9789 0.2040
vn -0.3474 0.2246 0.9104
vn -0.0117 0.9999 0.0099
vn 0.0525 -0.9976 0.0456
vn -0.3995 -0.0453 0.9156
vn -0.0610 0.9893 0.1322
vn -0.4444 -0.2980 0.8448
vn -0.1109 0.9641 0.2412
vn -0.4618 -0.5263 0.7140
vn -0.1661 0.9211 0.3521
vn -0.4387 -0.7354 0.5165
vn -0.2174 0.8534 0.4738
vn -0.3241 -0.8380 0.4390
vn -0.2599 0.7388 0.6218
vn -0.4958 -0.5313 0.6869
vn -0.2399 0.9194 0.3118
vn -0.3880 -0.7421 0.5466
vn -0.2889 0.8570 0.4268
vn -0.3254 -0.7937 0.5139
vn -0.3413 0.7518 0.5641
vn -0.2014 -0.8843 0.4213
vn -0.3988 0.5547 0.7302
vn -0.0430 -0.9812 0.1882
vn -0.4616 0.2322 0.8562
vn -0.0223 0.9997 0.0034
vn 0.0512 -0.9977 0.0451
vn -0.5077 -0.0674 0.8589
vn -0.0985 0.9888 0.1123
vn -0.5310 -0.2840 0.7983
vn -0.1749 0.9619 0.2100
vn -0.1131 -0.9820 0.1515
vn -0.5756 0.2491 0.7788
vn -0.0316 0.9995 -0.0047
vn 0.0505 -0.9977 0.0447
vn -0.6063 -0.0665 0.7925
vn -0.1331 0.9873 0.0871
vn -0.6175 -0.2946 0.7293
vn -0.2243 0.9588 0.1743
vn -0.6032 -0.4843 0.6338
vn -0.2849 0.9213 0.2647
vn -0.4625 -0.7041 0.5388
vn -0.3359 0.8651 0.3725
vn -0.3598 -0.7812 0.5102
vn -0.4015 0.7664 0.5014
vn -0.2752 -0.8918 0.3591
vn -0.4884 0.5821 0.6501
vn -0.3211 0.9244 0.2058
vn -0.5883 -0.6543 0.4751
vn -0.3781 0.8755 0.3010
vn -0.4674 -0.7882 0.4003
vn -0.4554 0.7844 0.4212
vn -0.3560 -0.9029 0.2408
vn -0.5637 0.6037 0.5638
vn -0.1825 -0.9766 0.1141
vn -0.6647 0.2778 0.6936
vn -0.0394 0.9991 -0.0139
vn 0.0553 -0.9973 0.0489
vn -0.6850 -0.0373 0.7276
vn -0.1634 0.9849 0.0572
vn -0.6599 -0.2968 0.6902
vn -0.2623 0.9563 0.1289
vn -0.6414 -0.4890 0.5912
vn -0.7563 0.3273 0.5664
vn -0.0454 0.9987 -0.0240
vn 0.0482 -0.9981 0.0393
vn -0.7815 0.0177 0.6236
vn -0.1876 0.9820 0.0237
vn -0.7435 -0.2630 0.6148
vn -0.2918 0.9536 0.0741
vn -0.6740 -0.5348 0.5096
vn -0.3552 0.9254 0.1321
vn -0.6329 -0.6316 0.4478
vn -0.4205 0.8837 0.2055
vn -0.4754 -0.8220 0.3136
vn -0.5101 0.8045 0.3042
vn -0.3514 -0.9180 0.1841
vn -0.6345 0.6386 0.4355
vn -0.2081 -0.9721 0.1085
vn -0.6770 -0.6427 0.3587
vn -0.4696 0.8796 0.0754
vn -0.4986 -0.8351 0.2325
vn -0.5623 0.8166 0.1307
vn -0.3350 -0.9293 0.1555
vn -0.6930 0.6844 0.2266
vn -0.2188 -0.9714 0.0923
vn -0.8438 0.4074 0.3493
vn -0.0496 0.9982 -0.0348
vn 0.0423 -0.9988 0.0257
vn -0.8958 0.1042 0.4321
vn -0.2047 0.9787 -0.0128
vn -0.8616 -0.2151 0.4597
vn -0.3153 0.9489 0.0122
vn -0.7280 -0.5583 0.3979
vn -0.3893 0.9202 0.0413
vn -0.0518 0.9976 -0.0461
vn 0.0476 -0.9973 0.0565
vn -0.9492 0.1972 0.2453
vn -0.2143 0.9753 -0.0527
vn -0.9410 -0.1609 0.2977
vn -0.3304 0.9425 -0.0499
vn -0.7796 -0.5669 0.2662
vn -0.4172 0.9075 -0.0500
vn -0.7056 -0.6788 0.2035
vn -0.4901 0.8710 -0.0334
vn -0.5549 -0.8229 0.1223
vn -0.5662 0.8242 0.0107
vn -0.3309 -0.9362 0.1183
vn -0.6905 0.7196 0.0734
vn -0.2030 -0.9737 0.1035
vn -0.8568 0.4896 0.1616
vn -0.4894 0.8607 -0.1404
vn -0.5854 -0.8106 -0.0123
vn -0.5562 0.8221 -0.1215
vn -0.3348 -0.9395 0.0728
vn -0.6689 0.7369 -0.0979
vn -0.1793 -0.9778 0.1081
vn -0.8314 0.5518 -0.0659
vn -0.0521 0.9968 -0.0605
vn 0.0428 -0.9898 0.1359
vn -0.9581 0.2858 -0.0187
vn -0.2159 0.9714 -0.0985
vn -0.9943 -0.1010 0.0352
vn -0.3394 0.9322 -0.1258
vn -0.8085 -0.5859 0.0540
vn -0.4336 0.8893 -0.1452
vn -0.7020 -0.7116 0.0276
vn -0.8934 0.3447 -0.2883
vn -0.2074 0.9678 -0.1424
vn -0.9657 -0.0261 -0.2584
vn -0.3382 0.9198 -0.1989
vn -0.8107 -0.5612 -0.1668
vn -0.4234 0.8790 -0.2195
vn -0.6974 -0.7075 -0.1140
vn -0.4717 0.8578 -0.2043
vn -0.5646 -0.8173 -0.1146
vn -0.5392 0.8168 -0.2053
vn -0.3267 -0.9447 -0.0272
vn -0.6433 0.7289 -0.2341
vn -0.1446 -0.9868 0.0728
vn -0.7764 0.5671 -0.2750
vn -0.0489 0.9958 -0.0776
vn 0.0450 -0.9907 0.1287
vn -0.5287 -0.8290 -0.1820
vn -0.5373 0.8025 -0.2593
vn -0.2856 -0.9522 -0.1086
vn -0.6387 0.7031 -0.3126
vn -0.0899 -0.9957 0.0212
vn -0.7498 0.5555 -0.3594
vn -0.0416 0.9946 -0.0953
vn 0.0578 -0.9925 0.1074
vn -0.8413 0.3770 -0.3873
vn -0.1875 0.9641 -0.1882
vn -0.9176 0.0368 -0.3958
vn -0.3201 0.9139 -0.2497
vn -0.8171 -0.5025 -0.2825
vn -0.3889 0.8909 -0.2345
vn -0.6804 -0.7087 -0.1864
vn -0.4479 0.8661 -0.2220
vn -0.8525 -0.0538 -0.5199
vn -0.2665 0.9155 -0.3014
vn -0.7405 -0.5472 -0.3902
vn -0.3175 0.9035 -0.2877
vn -0.6103 -0.7432 -0.2743
vn -0.3928 0.8458 -0.3609
vn -0.4835 -0.8504 -0.2073
vn -0.4663 0.7782 -0.4207
vn -0.1968 -0.9622 -0.1883
vn -0.5812 0.6878 -0.4349
vn -0.0113 -0.9993 -0.0367
vn -0.7178 0.5195 -0.4636
vn -0.0297 0.9932 -0.1122
vn 0.0828 -0.9931 0.0828
vn -0.8016 0.3180 -0.5062
vn -0.1549 0.9588 -0.2381
vn -0.1146 -0.9676 -0.2252
vn -0.4327 0.6997 -0.5686
vn 0.0660 -0.9952 -0.0730
vn -0.5825 0.4534 -0.6746
vn -0.0138 0.9919 -0.1264
vn 0.1265 -0.9903 0.0578
vn -0.6433 0.1612 -0.7484
vn -0.1146 0.9528 -0.2812
vn -0.6102 -0.2485 -0.7523
vn -0.1871 0.9194 -0.3460
vn -0.4847 -0.6269 -0.6100
vn -0.2070 0.8987 -0.3866
vn -0.4091 -0.7703 -0.4891
vn -0.2916 0.7979 -0.5275
vn -0.2924 -0.8944 -0.3385
vn -0.3320 0.7658 -0.5508
vn -0.0955 0.9161 -0.3893
vn -0.2347 -0.6346 -0.7364
vn -0.1068 0.8765 -0.4694
vn -0.1953 -0.7613 -0.6183
vn -0.1747 0.7585 -0.6279
vn -0.1266 -0.8972 -0.4231
vn -0.2053 0.7703 -0.6037
vn -0.0262 -0.9715 -0.2358
vn -0.2824 0.7362 -0.6150
vn 0.1308 -0.9875 -0.0880
vn -0.4042 0.4456 -0.7988
vn 0.0049 0.9907 -0.1362
vn 0.1674 -0.9848 0.0465
vn -0.4223 0.0159 -0.9063
vn -0.0678 0.9467 -0.3149
vn -0.3228 -0.4001 -0.8577
vn -0.1781 0.7426 -0.6457
vn 0.1353 -0.9872 -0.0846
vn -0.2270 0.4123 -0.8823
vn 0.0248 0.9897 -0.1412
vn 0.1883 -0.9810 0.0458
vn -0.2078 -0.1229 -0.9704
vn -0.0157 0.9413 -0.3371
vn -0.1532 -0.4831 -0.8620
vn -0.0159 0.9063 -0.4223
vn -0.1012 -0.6352 -0.7657
vn -0.0266 0.8587 -0.5117
vn 0.0070 -0.7574 -0.6530
vn -0.1204 0.7772 -0.6176
vn 0.0691 -0.8430 -0.5334
vn -0.1668 0.7843 -0.5975
vn 0.0903 -0.9638 -0.2511
vt 0.749978 0.124843
vt 0.755121 0.182640
vt 0.721048 0.183093
vt 0.718684 0.124795
vt 0.790643 0.619659
vt 0.778394 0.667525
vt 0.726625 0.666895
vt 0.729019 0.624878
vt 0.750000 0.062500
vt 0.718750 0.062500
vt 0.800209 0.569078
vt 0.727792 0.572534
vt 0.750000 0.937500
vt 0.734375 1.000000
vt 0.718750 0.937500
vt 0.734375 0.000000
vt 0.801329 0.410660
vt 0.726206 0.406521
vt 0.750000 0.875000
vt 0.718750 0.875000
vt 0.787014 0.308197
vt 0.735207 0.303167
vt 0.750000 0.812500
vt 0.718750 0.812500
vt 0.776828 0.272453
vt 0.739931 0.268218
vt 0.753221 0.754740
vt 0.720242 0.754595
vt 0.761413 0.227233
vt 0.728874 0.227453
vt 0.764938 0.710792
vt 0.726236 0.712791
vt 0.693532 0.231017
vt 0.687149 0.182883
vt 0.684966 0.700184
vt 0.682019 0.648560
vt 0.687455 0.124887
vt 0.677689 0.599833
vt 0.687500 0.062500
vt 0.671362 0.525350
vt 0.703125 1.000000
vt 0.687500 0.937500
vt 0.703125 0.000000
vt 0.674376 0.408418
vt 0.687500 0.875000
vt 0.688374 0.319608
vt 0.687500 0.812500
vt 0.697961 0.271831
vt 0.687338 0.751853
vt 0.656250 0.937500
vt 0.656250 0.875000
vt 0.647754 0.424175
vt 0.652537 0.351856
vt 0.656242 0.812485
vt 0.657114 0.293460
vt 0.654424 0.746152
vt 0.657666 0.241579
vt 0.651583 0.685135
vt 0.656176 0.185619
vt 0.649825 0.629941
vt 0.656250 0.124997
vt 0.648543 0.573399
vt 0.656250 0.062500
vt 0.646895 0.507106
vt 0.671875 1.000000
vt 0.671875 0.000000
vt 0.622216 0.669696
vt 0.622552 0.609629
vt 0.624955 0.187067
vt 0.625000 0.125000
vt 0.622703 0.552010
vt 0.625000 0.062500
vt 0.622705 0.497433
vt 0.640625 1.000000
vt 0.625000 0.937500
vt 0.640625 0.000000
vt 0.622631 0.435417
vt 0.625000 0.875000
vt 0.623045 0.374302
vt 0.624704 0.811633
vt 0.622089 0.315325
vt 0.622568 0.739697
vt 0.623370 0.251295
vt 0.593790 0.433348
vt 0.593423 0.376679
vt 0.593750 0.875000
vt 0.593531 0.810469
vt 0.593317 0.313674
vt 0.591555 0.737273
vt 0.593568 0.250184
vt 0.590716 0.666893
vt 0.593750 0.187500
vt 0.593662 0.602826
vt 0.593750 0.125000
vt 0.596444 0.542503
vt 0.593750 0.062500
vt 0.594111 0.490082
vt 0.609375 1.000000
vt 0.593750 0.937500
vt 0.609375 0.000000
vt 0.562500 0.187500
vt 0.562500 0.125000
vt 0.563818 0.604191
vt 0.565938 0.542891
vt 0.562500 0.062500
vt 0.566071 0.490997
vt 0.578125 1.000000
vt 0.562500 0.937500
vt 0.578125 0.000000
vt 0.564142 0.433076
vt 0.562500 0.875000
vt 0.562923 0.375268
vt 0.562661 0.809903
vt 0.562500 0.312500
vt 0.561813 0.736843
vt 0.562500 0.250000
vt 0.562447 0.670014
vt 0.531250 0.875000
vt 0.531776 0.810558
vt 0.531303 0.375011
vt 0.531250 0.312500
vt 0.532316 0.740063
vt 0.531250 0.250000
vt 0.532109 0.675423
vt 0.531250 0.187500
vt 0.532417 0.612005
vt 0.531250 0.125000
vt 0.531913 0.551923
vt 0.531250 0.062500
vt 0.532379 0.494029
vt 0.546875 1.000000
vt 0.531250 0.937500
vt 0.546875 0.000000
vt 0.531897 0.435470
vt 0.502202 0.619691
vt 0.500823 0.560933
vt 0.500000 0.125000
vt 0.500000 0.062500
vt 0.500475 0.499503
vt 0.515625 1.000000
vt 0.500000 0.937500
vt 0.515625 0.000000
vt 0.500000 0.437500
vt 0.500000 0.875000
vt 0.500000 0.375000
vt 0.500193 0.812124
vt 0.500000 0.312500
vt 0.501572 0.746067
vt 0.500000 0.250000
vt 0.502380 0.683293
vt 0.500000 0.187500
vt 0.468750 0.375000
vt 0.468750 0.312500
vt 0.468750 0.812500
vt 0.469031 0.749682
vt 0.468750 0.250000
vt 0.469594 0.686691
vt 0.468750 0.187500
vt 0.468960 0.624807
vt 0.468750 0.125000
vt 0.468750 0.562500
vt 0.468750 0.062500
vt 0.468750 0.500000
vt 0.484375 1.000000
vt 0.468750 0.937500
vt 0.484375 0.000000
vt 0.468750 0.437500
vt 0.468750 0.875000
vt 0.437500 0.125000
vt 0.437500 0.062500
vt 0.437500 0.562500
vt 0.437500 0.500000
vt 0.453125 1.000000
vt 0.437500 0.937500
vt 0.453125 0.000000
vt 0.437500 0.437500
vt 0.437500 0.875000
vt 0.437500 0.375000
vt 0.437500 0.812500
vt 0.437500 0.312500
vt 0.437500 0.750000
vt 0.437500 0.250000
vt 0.437500 0.687500
vt 0.437500 0.187500
vt 0.437500 0.625000
vt 0.406250 0.312500
vt 0.406250 0.250000
vt 0.406250 0.750000
vt 0.406250 0.687500
vt 0.406250 0.187500
vt 0.406250 0.625000
vt 0.406250 0.125000
vt 0.406250 0.562500
vt 0.406250 0.062500
vt 0.406250 0.500000
vt 0.421875 1.000000
vt 0.406250 0.937500
vt 0.421875 0.000000
vt 0.406250 0.437500
vt 0.406250 0.875000
vt 0.406250 0.375000
vt 0.406250 0.812500
vt 0.390625 1.000000
vt 0.375000 0.937500
vt 0.390625 0.000000
vt 0.375000 0.062500
vt 0.375000 0.500000
vt 0.375000 0.437500
vt 0.375000 0.875000
vt 0.375000 0.375000
vt 0.375000 0.812500
vt 0.375000 0.312500
vt 0.375000 0.750000
vt 0.375000 0.250000
vt 0.375000 0.687500
vt 0.375000 0.187500
vt 0.375000 0.625000
vt 0.375000 0.125000
vt 0.375000 0.562500
vt 0.343750 0.750000
vt 0.343750 0.687500
vt 0.343750 0.250000
vt 0.343750 0.187500
vt 0.343750 0.625000
vt 0.343750 0.125000
vt 0.343750 0.562500
vt 0.343750 0.062500
vt 0.343750 0.500000
vt 0.359375 1.000000
vt 0.343750 0.937500
vt 0.359375 0.000000
vt 0.343750 0.437500
vt 0.343750 0.875000
vt 0.343750 0.375000
vt 0.343750 0.812500
vt 0.343750 0.312500
vt 0.312500 0.500000
vt 0.312500 0.437500
vt 0.312500 0.937500
vt 0.312500 0.875000
vt 0.312500 0.375000
vt 0.312500 0.812500
vt 0.312500 0.312500
vt 0.312500 0.750000
vt 0.312500 0.250000
vt 0.312500 0.687500
vt 0.312500 0.187500
vt 0.312500 0.625000
vt 0.312500 0.125000
vt 0.312500 0.562500
vt 0.312500 0.062500
vt 0.328125 1.000000
vt 0.328125 0.000000
vt 0.281250 0.250000
vt 0.281250 0.187500
vt 0.281250 0.687500
vt 0.281250 0.625000
vt 0.281250 0.125000
vt 0.281250 0.562500
vt 0.281250 0.062500
vt 0.281250 0.500000
vt 0.296875 1.000000
vt 0.281250 0.937500
vt 0.296875 0.000000
vt 0.281250 0.437500
vt 0.281250 0.875000
vt 0.281250 0.375000
vt 0.281250 0.812500
vt 0.281250 0.312500
vt 0.281250 0.750000
vt 0.250000 0.937500
vt 0.250000 0.875000
vt 0.250000 0.437500
vt 0.250000 0.375000
vt 0.250000 0.812500
vt 0.250000 0.312500
vt 0.250000 0.750000
vt 0.250000 0.250000
vt 0.250000 0.687500
vt 0.250000 0.187500
vt 0.250000 0.625000
vt 0.250000 0.125000
vt 0.250000 0.562500
vt 0.250000 0.062500
vt 0.250000 0.500000
vt 0.265625 1.000000
vt 0.265625 0.000000
vt 0.218750 0.687500
vt 0.218750 0.625000
vt 0.218750 0.187500
vt 0.218750 0.125000
vt 0.218750 0.562500
vt 0.218750 0.062500
vt 0.218750 0.500000
vt 0.234375 1.000000
vt 0.218750 0.937500
vt 0.234375 0.000000
vt 0.218750 0.437500
vt 0.218750 0.875000
vt 0.218750 0.375000
vt 0.218750 0.812500
vt 0.218750 0.312500
vt 0.218750 0.750000
vt 0.218750 0.250000
vt 0.187500 0.437500
vt 0.187500 0.375000
vt 0.187500 0.875000
vt 0.187500 0.812500
vt 0.187500 0.312500
vt 0.187500 0.750000
vt 0.187500 0.250000
vt 0.187500 0.687500
vt 0.187500 0.187500
vt 0.187500 0.625000
vt 0.187500 0.125000
vt 0.187500 0.562500
vt 0.187500 0.062500
vt 0.187500 0.500000
vt 0.203125 1.000000
vt 0.187500 0.937500
vt 0.203125 0.000000
vt 0.156250 0.187500
vt 0.156250 0.125000
vt 0.156250 0.625000
vt 0.156250 0.562500
vt 0.156250 0.062500
vt 0.156250 0.500000
vt 0.171875 1.000000
vt 0.156250 0.937500
vt 0.171875 0.000000
vt 0.156250 0.437500
vt 0.156250 0.875000
vt 0.156250 0.375000
vt 0.156250 0.812500
vt 0.156250 0.312500
vt 0.156250 0.750000
vt 0.156250 0.250000
vt 0.156250 0.687500
vt 0.125000 0.375000
vt 0.125000 0.312500
vt 0.125000 0.812500
vt 0.125000 0.750000
vt 0.125000 0.250000
vt 0.125000 0.687500
vt 0.125000 0.187500
vt 0.125000 0.625000
vt 0.125000 0.125000
vt 0.125000 0.562500
vt 0.125000 0.062500
vt 0.125000 0.500000
vt 0.140625 1.000000
vt 0.125000 0.937500
vt 0.140625 0.000000
vt 0.125000 0.437500
vt 0.125000 0.875000
vt 0.093750 0.125000
vt 0.093750 0.062500
vt 0.093750 0.562500
vt 0.093750 0.500000
vt 0.109375 1.000000
vt 0.093750 0.937500
vt 0.109375 0.000000
vt 0.093750 0.437500
vt 0.093750 0.875000
vt 0.093750 0.375000
vt 0.093750 0.812500
vt 0.093750 0.312500
vt 0.093750 0.750000
vt 0.093750 0.250000
vt 0.093750 0.687500
vt 0.093750 0.187500
vt 0.093750 0.625000
vt 0.062500 0.812500
vt 0.062500 0.750000
vt 0.062500 0.312500
vt 0.062500 0.250000
vt 0.062500 0.687500
vt 0.062500 0.187500
vt 0.062500 0.625000
vt 0.062500 0.125000
vt 0.062500 0.562500
vt 0.062500 0.062500
vt 0.062500 0.500000
vt 0.078125 1.000000
vt 0.062500 0.937500
vt 0.078125 0.000000
vt 0.062500 0.437500
vt 0.062500 0.875000
vt 0.062500 0.375000
vt 0.031250 0.562500
vt 0.031250 0.500000
vt 0.046875 1.000000
vt 0.031250 0.937500
vt 0.046875 0.000000
vt 0.031250 0.062500
vt 0.031250 0.437500
vt 0.031250 0.875000
vt 0.031250 0.375000
vt 0.031250 0.812500
vt 0.031250 0.312500
vt 0.031250 0.750000
vt 0.031250 0.250000
vt 0.031250 0.687500
vt 0.031250 0.187500
vt 0.031250 0.625000
vt 0.031250 0.125000
vt 0.000000 0.312500
vt 0.000000 0.250000
vt 0.000000 0.750000
vt 0.000000 0.687500
vt 0.000000 0.187500
vt 0.000000 0.625000
vt 0.000000 0.125000
vt 0.000000 0.562500
vt 0.000000 0.062500
vt 0.000000 0.500000
vt 0.015625 1.000000
vt 0.000000 0.937500
vt 0.015625 0.000000
vt 0.000000 0.437500
vt 0.000000 0.875000
vt 0.000000 0.375000
vt 0.000000 0.812500
vt 1.000000 0.937500
vt 0.984375 1.000000
vt 0.968750 0.937500
vt 0.984375 0.000000
vt 1.000000 0.062500
vt 0.968750 0.062500
vt 1.000000 0.437500
vt 1.000000 0.500000
vt 0.968750 0.500000
vt 0.968750 0.437500
vt 1.000000 0.875000
vt 0.968750 0.875000
vt 1.000000 0.375000
vt 0.968750 0.375000
vt 1.000000 0.812500
vt 0.968750 0.812500
vt 1.000000 0.312500
vt 0.968750 0.312500
vt 1.000000 0.750000
vt 0.968750 0.750000
vt 1.000000 0.250000
vt 0.968750 0.250000
vt 1.000000 0.687500
vt 0.968750 0.687500
vt 1.000000 0.187500
vt 0.968750 0.187500
vt 1.000000 0.625000
vt 0.968750 0.625000
vt 1.000000 0.125000
vt 0.968750 0.125000
vt 1.000000 0.562500
vt 0.968750 0.562500
vt 0.937500 0.750000
vt 0.937500 0.687500
vt 0.937500 0.250000
vt 0.937500 0.187500
vt 0.937500 0.625000
vt 0.937500 0.125000
vt 0.937500 0.562500
vt 0.937500 0.062500
vt 0.937500 0.500000
vt 0.953125 1.000000
vt 0.937500 0.937500
vt 0.953125 0.000000
vt 0.937500 0.437500
vt 0.937500 0.875000
vt 0.937500 0.375000
vt 0.937500 0.812500
vt 0.937500 0.312500
vt 0.906250 0.500000
vt 0.906250 0.437500
vt 0.906250 0.937500
vt 0.906250 0.875000
vt 0.906250 0.375000
vt 0.906250 0.812500
vt 0.906250 0.312500
vt 0.906250 0.750000
vt 0.906250 0.250000
vt 0.906250 0.687500
vt 0.906250 0.187500
vt 0.906250 0.625000
vt 0.906250 0.125000
vt 0.906250 0.562500
vt 0.906250 0.062500
vt 0.921875 1.000000
vt 0.921875 0.000000
vt 0.877584 0.251512
vt 0.875000 0.187500
vt 0.875804 0.686536
vt 0.877602 0.619044
vt 0.875000 0.125000
vt 0.878660 0.551365
vt 0.875000 0.062500
vt 0.879170 0.488870
vt 0.890625 1.000000
vt 0.875000 0.937500
vt 0.890625 0.000000
vt 0.879594 0.427506
vt 0.875000 0.875000
vt 0.879664 0.369405
vt 0.875000 0.812500
vt 0.879236 0.311028
vt 0.875000 0.750000
vt 0.859863 0.404704
vt 0.858385 0.349884
vt 0.843750 0.875000
vt 0.843750 0.812500
vt 0.856655 0.299915
vt 0.844538 0.749759
vt 0.853088 0.246673
vt 0.851527 0.682068
vt 0.846039 0.188353
vt 0.858229 0.606461
vt 0.843750 0.125000
vt 0.860200 0.531148
vt 0.843750 0.062500
vt 0.860344 0.467701
vt 0.859375 1.000000
vt 0.843750 0.937500
vt 0.859375 0.000000
vt 0.818465 0.186655
vt 0.812500 0.125000
vt 0.841459 0.615532
vt 0.845050 0.539154
vt 0.812500 0.062500
vt 0.845123 0.471107
vt 0.828125 1.000000
vt 0.812500 0.937500
vt 0.828125 0.000000
vt 0.843248 0.400875
vt 0.812500 0.875000
vt 0.839266 0.336496
vt 0.812500 0.812500
vt 0.834752 0.288518
vt 0.815937 0.750227
vt 0.828832 0.239784
vt 0.829997 0.687861
vt 0.781250 0.875000
vt 0.781250 0.812500
vt 0.819021 0.323373
vt 0.808757 0.278000
vt 0.785507 0.753202
vt 0.800777 0.232832
vt 0.802022 0.701894
vt 0.788943 0.183773
vt 0.817525 0.644273
vt 0.781279 0.124982
vt 0.826174 0.579556
vt 0.781250 0.062500
vt 0.832077 0.511617
vt 0.796875 1.000000
vt 0.781250 0.937500
vt 0.796875 0.000000
vt 0.830742 0.410183
vt 0.765625 1.000000
vt 0.765625 0.000000
s 0
usemtl leaf_color
f 1432/1351/729 1431/1352/729 970/1353/729 971/1354/729
f 954/1355/730 1428/1356/730 963/1357/730 964/1358/730
f 1433/1359/731 1432/1351/731 971/1354/731 972/1360/731
f 955/1361/732 954/1355/732 964/1358/732 965/1362/732
f 1425/1363/733 1033/1364/733 958/1365/733
f 1259/1366/734 1433/1359/734 972/1360/734
f 956/1367/735 955/1361/735 965/1362/735 966/1368/735
f 1426/1369/736 1425/1363/736 958/1365/736 959/1370/736
f 1429/1371/737 956/1367/737 966/1368/737 967/1372/737
f 952/1373/738 1426/1369/738 959/1370/738 960/1374/738
f 957/1375/739 1429/1371/739 967/1372/739 968/1376/739
f 1427/1377/740 952/1373/740 960/1374/740 961/1378/740
f 1430/1379/741 957/1375/741 968/1376/741 969/1380/741
f 953/1381/742 1427/1377/742 961/1378/742 962/1382/742
f 1431/1352/743 1430/1379/743 969/1380/743 970/1353/743
f 1428/1356/744 953/1381/744 962/1382/744 963/1357/744
f 970/1353/745 969/1380/745 984/1383/745 985/1384/745
f 963/1357/746 962/1382/746 977/1385/746 978/1386/746
f 971/1354/747 970/1353/747 985/1384/747 986/1387/747
f 964/1358/748 963/1357/748 978/1386/748 979/1388/748
f 972/1360/749 971/1354/749 986/1387/749 987/1389/749
f 965/1362/750 964/1358/750 979/1388/750 980/1390/750
f 958/1365/751 1033/1391/751 973/1392/751
f 1259/1393/752 972/1360/752 987/1389/752
f 966/1368/753 965/1362/753 980/1390/753 981/1394/753
f 959/1370/754 958/1365/754 973/1392/754 974/1395/754
f 967/1372/755 966/1368/755 981/1394/755 982/1396/755
f 960/1374/756 959/1370/756 974/1395/756 975/1397/756
f 968/1376/757 967/1372/757 982/1396/757 983/1398/757
f 961/1378/758 960/1374/758 975/1397/758 976/1399/758
f 969/1380/759 968/1376/759 983/1398/759 984/1383/759
f 962/1382/760 961/1378/760 976/1399/760 977/1385/760
f 974/1395/761 973/1392/761 988/1400/761 989/1401/761
f 982/1396/762 981/1394/762 996/1402/762 997/1403/762
f 975/1397/763 974/1395/763 989/1401/763 990/1404/763
f 983/1398/764 982/1396/764 997/1403/764 998/1405/764
f 976/1399/765 975/1397/765 990/1404/765 991/1406/765
f 984/1383/766 983/1398/766 998/1405/766 999/1407/766
f 977/1385/767 976/1399/767 991/1406/767 992/1408/767
f 985/1384/768 984/1383/768 999/1407/768 1000/1409/768
f 978/1386/769 977/1385/769 992/1408/769 993/1410/769
f 986/1387/770 985/1384/770 1000/1409/770 1001/1411/770
f 979/1388/771 978/1386/771 993/1410/771 994/1412/771
f 987/1389/772 986/1387/772 1001/1411/772 1002/1413/772
f 980/1390/773 979/1388/773 994/1412/773 995/1414/773
f 973/1392/774 1033/1415/774 988/1400/774
f 1259/1416/775 987/1389/775 1002/1413/775
f 981/1394/776 980/1390/776 995/1414/776 996/1402/776
f 993/1410/777 992/1408/777 1007/1417/777 1008/1418/777
f 1001/1411/778 1000/1409/778 1015/1419/778 1016/1420/778
f 994/1412/779 993/1410/779 1008/1418/779 1009/1421/779
f 1002/1413/780 1001/1411/780 1016/1420/780 1017/1422/780
f 995/1414/781 994/1412/781 1009/1421/781 1010/1423/781
f 988/1400/782 1033/1424/782 1003/1425/782
f 1259/1426/783 1002/1413/783 1017/1422/783
f 996/1402/784 995/1414/784 1010/1423/784 1011/1427/784
f 989/1401/785 988/1400/785 1003/1425/785 1004/1428/785
f 997/1403/786 996/1402/786 1011/1427/786 1012/1429/786
f 990/1404/787 989/1401/787 1004/1428/787 1005/1430/787
f 998/1405/788 997/1403/788 1012/1429/788 1013/1431/788
f 991/1406/789 990/1404/789 1005/1430/789 1006/1432/789
f 999/1407/790 998/1405/790 1013/1431/790 1014/1433/790
f 992/1408/791 991/1406/791 1006/1432/791 1007/1417/791
f 1000/1409/792 999/1407/792 1014/1433/792 1015/1419/792
f 1012/1429/793 1011/1427/793 1026/1434/793 1027/1435/793
f 1005/1430/794 1004/1428/794 1019/1436/794 1020/1437/794
f 1013/1431/795 1012/1429/795 1027/1435/795 1028/1438/795
f 1006/1432/796 1005/1430/796 1020/1437/796 1021/1439/796
f 1014/1433/797 1013/1431/797 1028/1438/797 1029/1440/797
f 1007/1417/798 1006/1432/798 1021/1439/798 1022/1441/798
f 1015/1419/799 1014/1433/799 1029/1440/799 1030/1442/799
f 1008/1418/800 1007/1417/800 1022/1441/800 1023/1443/800
f 1016/1420/801 1015/1419/801 1030/1442/801 1031/1444/801
f 1009/1421/802 1008/1418/802 1023/1443/802 1024/1445/802
f 1017/1422/803 1016/1420/803 1031/1444/803 1032/1446/803
f 1010/1423/804 1009/1421/804 1024/1445/804 1025/1447/804
f 1003/1425/805 1033/1448/805 1018/1449/805
f 1259/1450/806 1017/1422/806 1032/1446/806
f 1011/1427/807 1010/1423/807 1025/1447/807 1026/1434/807
f 1004/1428/808 1003/1425/808 1018/1449/808 1019/1436/808
f 1031/1444/809 1030/1442/809 1046/1451/809 1047/1452/809
f 1024/1445/810 1023/1443/810 1039/1453/810 1040/1454/810
f 1032/1446/811 1031/1444/811 1047/1452/811 1048/1455/811
f 1025/1447/812 1024/1445/812 1040/1454/812 1041/1456/812
f 1018/1449/813 1033/1457/813 1034/1458/813
f 1259/1459/814 1032/1446/814 1048/1455/814
f 1026/1434/815 1025/1447/815 1041/1456/815 1042/1460/815
f 1019/1436/816 1018/1449/816 1034/1458/816 1035/1461/816
f 1027/1435/817 1026/1434/817 1042/1460/817 1043/1462/817
f 1020/1437/818 1019/1436/818 1035/1461/818 1036/1463/818
f 1028/1438/819 1027/1435/819 1043/1462/819 1044/1464/819
f 1021/1439/820 1020/1437/820 1036/1463/820 1037/1465/820
f 1029/1440/821 1028/1438/821 1044/1464/821 1045/1466/821
f 1022/1441/822 1021/1439/822 1037/1465/822 1038/1467/822
f 1030/1442/823 1029/1440/823 1045/1466/823 1046/1451/823
f 1023/1443/824 1022/1441/824 1038/1467/824 1039/1453/824
f 1036/1463/825 1035/1461/825 1050/1468/825 1051/1469/825
f 1044/1464/826 1043/1462/826 1058/1470/826 1059/1471/826
f 1037/1465/827 1036/1463/827 1051/1469/827 1052/1472/827
f 1045/1466/828 1044/1464/828 1059/1471/828 1060/1473/828
f 1038/1467/829 1037/1465/829 1052/1472/829 1053/1474/829
f 1046/1451/830 1045/1466/830 1060/1473/830 1061/1475/830
f 1039/1453/831 1038/1467/831 1053/1474/831 1054/1476/831
f 1047/1452/832 1046/1451/832 1061/1475/832 1062/1477/832
f 1040/1454/833 1039/1453/833 1054/1476/833 1055/1478/833
f 1048/1455/834 1047/1452/834 1062/1477/834 1063/1479/834
f 1041/1456/835 1040/1454/835 1055/1478/835 1056/1480/835
f 1034/1458/836 1033/1481/836 1049/1482/836
f 1259/1483/837 1048/1455/837 1063/1479/837
f 1042/1460/838 1041/1456/838 1056/1480/838 1057/1484/838
f 1035/1461/839 1034/1458/839 1049/1482/839 1050/1468/839
f 1043/1462/840 1042/1460/840 1057/1484/840 1058/1470/840
f 1055/1478/841 1054/1476/841 1069/1485/841 1070/1486/841
f 1063/1479/842 1062/1477/842 1077/1487/842 1078/1488/842
f 1056/1480/843 1055/1478/843 1070/1486/843 1071/1489/843
f 1049/1482/844 1033/1490/844 1064/1491/844
f 1259/1492/845 1063/1479/845 1078/1488/845
f 1057/1484/846 1056/1480/846 1071/1489/846 1072/1493/846
f 1050/1468/847 1049/1482/847 1064/1491/847 1065/1494/847
f 1058/1470/848 1057/1484/848 1072/1493/848 1073/1495/848
f 1051/1469/849 1050/1468/849 1065/1494/849 1066/1496/849
f 1059/1471/850 1058/1470/850 1073/1495/850 1074/1497/850
f 1052/1472/851 1051/1469/851 1066/1496/851 1067/1498/851
f 1060/1473/852 1059/1471/852 1074/1497/852 1075/1499/852
f 1053/1474/853 1052/1472/853 1067/1498/853 1068/1500/853
f 1061/1475/854 1060/1473/854 1075/1499/854 1076/1501/854
f 1054/1476/855 1053/1474/855 1068/1500/855 1069/1485/855
f 1062/1477/856 1061/1475/856 1076/1501/856 1077/1487/856
f 1074/1497/857 1073/1495/857 1088/1502/857 1089/1503/857
f 1067/1498/858 1066/1496/858 1081/1504/858 1082/1505/858
f 1075/1499/859 1074/1497/859 1089/1503/859 1090/1506/859
f 1068/1500/860 1067/1498/860 1082/1505/860 1083/1507/860
f 1076/1501/861 1075/1499/861 1090/1506/861 1091/1508/861
f 1069/1485/862 1068/1500/862 1083/1507/862 1084/1509/862
f 1077/1487/863 1076/1501/863 1091/1508/863 1092/1510/863
f 1070/1486/864 1069/1485/864 1084/1509/864 1085/1511/864
f 1078/1488/865 1077/1487/865 1092/1510/865 1093/1512/865
f 1071/1489/866 1070/1486/866 1085/1511/866 1086/1513/866
f 1064/1491/867 1033/1514/867 1079/1515/867
f 1259/1516/868 1078/1488/868 1093/1512/868
f 1072/1493/869 1071/1489/869 1086/1513/869 1087/1517/869
f 1065/1494/870 1064/1491/870 1079/1515/870 1080/1518/870
f 1073/1495/871 1072/1493/871 1087/1517/871 1088/1502/871
f 1066/1496/872 1065/1494/872 1080/1518/872 1081/1504/872
f 1093/1512/873 1092/1510/873 1107/1519/873 1108/1520/873
f 1086/1513/874 1085/1511/874 1100/1521/874 1101/1522/874
f 1079/1515/875 1033/1523/875 1094/1524/875
f 1259/1525/876 1093/1512/876 1108/1520/876
f 1087/1517/877 1086/1513/877 1101/1522/877 1102/1526/877
f 1080/1518/878 1079/1515/878 1094/1524/878 1095/1527/878
f 1088/1502/879 1087/1517/879 1102/1526/879 1103/1528/879
f 1081/1504/880 1080/1518/880 1095/1527/880 1096/1529/880
f 1089/1503/881 1088/1502/881 1103/1528/881 1104/1530/881
f 1082/1505/882 1081/1504/882 1096/1529/882 1097/1531/882
f 1090/1506/883 1089/1503/883 1104/1530/883 1105/1532/883
f 1083/1507/884 1082/1505/884 1097/1531/884 1098/1533/884
f 1091/1508/885 1090/1506/885 1105/1532/885 1106/1534/885
f 1084/1509/886 1083/1507/886 1098/1533/886 1099/1535/886
f 1092/1510/887 1091/1508/887 1106/1534/887 1107/1519/887
f 1085/1511/888 1084/1509/888 1099/1535/888 1100/1521/888
f 1105/1532/889 1104/1530/889 1119/1536/889 1120/1537/889
f 1098/1533/890 1097/1531/890 1112/1538/890 1113/1539/890
f 1106/1534/891 1105/1532/891 1120/1537/891 1121/1540/891
f 1099/1535/892 1098/1533/892 1113/1539/892 1114/1541/892
f 1107/1519/893 1106/1534/893 1121/1540/893 1122/1542/893
f 1100/1521/894 1099/1535/894 1114/1541/894 1115/1543/894
f 1108/1520/895 1107/1519/895 1122/1542/895 1123/1544/895
f 1101/1522/896 1100/1521/896 1115/1543/896 1116/1545/896
f 1094/1524/897 1033/1546/897 1109/1547/897
f 1259/1548/898 1108/1520/898 1123/1544/898
f 1102/1526/899 1101/1522/899 1116/1545/899 1117/1549/899
f 1095/1527/900 1094/1524/900 1109/1547/900 1110/1550/900
f 1103/1528/901 1102/1526/901 1117/1549/901 1118/1551/901
f 1096/1529/902 1095/1527/902 1110/1550/902 1111/1552/902
f 1104/1530/903 1103/1528/903 1118/1551/903 1119/1536/903
f 1097/1531/904 1096/1529/904 1111/1552/904 1112/1538/904
f 1109/1547/905 1033/1553/905 1124/1554/905
f 1259/1555/906 1123/1544/906 1138/1556/906
f 1117/1549/907 1116/1545/907 1131/1557/907 1132/1558/907
f 1110/1550/908 1109/1547/908 1124/1554/908 1125/1559/908
f 1118/1551/909 1117/1549/909 1132/1558/909 1133/1560/909
f 1111/1552/910 1110/1550/910 1125/1559/910 1126/1561/910
f 1119/1536/911 1118/1551/911 1133/1560/911 1134/1562/911
f 1112/1538/912 1111/1552/912 1126/1561/912 1127/1563/912
f 1120/1537/913 1119/1536/913 1134/1562/913 1135/1564/913
f 1113/1539/914 1112/1538/914 1127/1563/914 1128/1565/914
f 1121/1540/915 1120/1537/915 1135/1564/915 1136/1566/915
f 1114/1541/916 1113/1539/916 1128/1565/916 1129/1567/916
f 1122/1542/917 1121/1540/917 1136/1566/917 1137/1568/917
f 1115/1543/918 1114/1541/918 1129/1567/918 1130/1569/918
f 1123/1544/919 1122/1542/919 1137/1568/919 1138/1556/919
f 1116/1545/920 1115/1543/920 1130/1569/920 1131/1557/920
f 1128/1565/921 1127/1563/921 1142/1570/921 1143/1571/921
f 1136/1566/922 1135/1564/922 1150/1572/922 1151/1573/922
f 1129/1567/923 1128/1565/923 1143/1571/923 1144/1574/923
f 1137/1568/924 1136/1566/924 1151/1573/924 1152/1575/924
f 1130/1569/925 1129/1567/925 1144/1574/925 1145/1576/925
f 1138/1556/926 1137/1568/926 1152/1575/926 1153/1577/926
f 1131/1557/927 1130/1569/927 1145/1576/927 1146/1578/927
f 1124/1554/928 1033/1579/928 1139/1580/928
f 1259/1581/929 1138/1556/929 1153/1577/929
f 1132/1558/930 1131/1557/930 1146/1578/930 1147/1582/930
f 1125/1559/931 1124/1554/931 1139/1580/931 1140/1583/931
f 1133/1560/932 1132/1558/932 1147/1582/932 1148/1584/932
f 1126/1561/933 1125/1559/933 1140/1583/933 1141/1585/933
f 1134/1562/934 1133/1560/934 1148/1584/934 1149/1586/934
f 1127/1563/935 1126/1561/935 1141/1585/935 1142/1570/935
f 1135/1564/936 1134/1562/936 1149/1586/936 1150/1572/936
f 1147/1582/937 1146/1578/937 1161/1587/937 1162/1588/937
f 1140/1583/938 1139/1580/938 1154/1589/938 1155/1590/938
f 1148/1584/939 1147/1582/939 1162/1588/939 1163/1591/939
f 1141/1585/940 1140/1583/940 1155/1590/940 1156/1592/940
f 1149/1586/941 1148/1584/941 1163/1591/941 1164/1593/941
f 1142/1570/942 1141/1585/942 1156/1592/942 1157/1594/942
f 1150/1572/943 1149/1586/943 1164/1593/943 1165/1595/943
f 1143/1571/944 1142/1570/944 1157/1594/944 1158/1596/944
f 1151/1573/945 1150/1572/945 1165/1595/945 1166/1597/945
f 1144/1574/946 1143/1571/946 1158/1596/946 1159/1598/946
f 1152/1575/947 1151/1573/947 1166/1597/947 1167/1599/947
f 1145/1576/948 1144/1574/948 1159/1598/948 1160/1600/948
f 1153/1577/949 1152/1575/949 1167/1599/949 1168/1601/949
f 1146/1578/950 1145/1576/950 1160/1600/950 1161/1587/950
f 1139/1580/951 1033/1602/951 1154/1589/951
f 1259/1603/952 1153/1577/952 1168/1601/952
f 1166/1597/953 1165/1595/953 1180/1604/953 1181/1605/953
f 1159/1598/954 1158/1596/954 1173/1606/954 1174/1607/954
f 1167/1599/955 1166/1597/955 1181/1605/955 1182/1608/955
f 1160/1600/956 1159/1598/956 1174/1607/956 1175/1609/956
f 1168/1601/957 1167/1599/957 1182/1608/957 1183/1610/957
f 1161/1587/958 1160/1600/958 1175/1609/958 1176/1611/958
f 1154/1589/959 1033/1612/959 1169/1613/959
f 1259/1614/960 1168/1601/960 1183/1610/960
f 1162/1588/961 1161/1587/961 1176/1611/961 1177/1615/961
f 1155/1590/962 1154/1589/962 1169/1613/962 1170/1616/962
f 1163/1591/963 1162/1588/963 1177/1615/963 1178/1617/963
f 1156/1592/964 1155/1590/964 1170/1616/964 1171/1618/964
f 1164/1593/965 1163/1591/965 1178/1617/965 1179/1619/965
f 1157/1594/966 1156/1592/966 1171/1618/966 1172/1620/966
f 1165/1595/967 1164/1593/967 1179/1619/967 1180/1604/967
f 1158/1596/968 1157/1594/968 1172/1620/968 1173/1606/968
f 1170/1616/969 1169/1613/969 1184/1621/969 1185/1622/969
f 1178/1617/970 1177/1615/970 1192/1623/970 1193/1624/970
f 1171/1618/971 1170/1616/971 1185/1622/971 1186/1625/971
f 1179/1619/972 1178/1617/972 1193/1624/972 1194/1626/972
f 1172/1620/973 1171/1618/973 1186/1625/973 1187/1627/973
f 1180/1604/974 1179/1619/974 1194/1626/974 1195/1628/974
f 1173/1606/975 1172/1620/975 1187/1627/975 1188/1629/975
f 1181/1605/976 1180/1604/976 1195/1628/976 1196/1630/976
f 1174/1607/977 1173/1606/977 1188/1629/977 1189/1631/977
f 1182/1608/978 1181/1605/978 1196/1630/978 1197/1632/978
f 1175/1609/979 1174/1607/979 1189/1631/979 1190/1633/979
f 1183/1610/980 1182/1608/980 1197/1632/980 1198/1634/980
f 1176/1611/981 1175/1609/981 1190/1633/981 1191/1635/981
f 1169/1613/982 1033/1636/982 1184/1621/982
f 1259/1637/983 1183/1610/983 1198/1634/983
f 1177/1615/984 1176/1611/984 1191/1635/984 1192/1623/984
f 1189/1631/985 1188/1629/985 1203/1638/985 1204/1639/985
f 1197/1632/986 1196/1630/986 1211/1640/986 1212/1641/986
f 1190/1633/987 1189/1631/987 1204/1639/987 1205/1642/987
f 1198/1634/988 1197/1632/988 1212/1641/988 1213/1643/988
f 1191/1635/989 1190/1633/989 1205/1642/989 1206/1644/989
f 1184/1621/990 1033/1645/990 1199/1646/990
f 1259/1647/991 1198/1634/991 1213/1643/991
f 1192/1623/992 1191/1635/992 1206/1644/992 1207/1648/992
f 1185/1622/993 1184/1621/993 1199/1646/993 1200/1649/993
f 1193/1624/994 1192/1623/994 1207/1648/994 1208/1650/994
f 1186/1625/995 1185/1622/995 1200/1649/995 1201/1651/995
f 1194/1626/996 1193/1624/996 1208/1650/996 1209/1652/996
f 1187/1627/997 1186/1625/997 1201/1651/997 1202/1653/997
f 1195/1628/998 1194/1626/998 1209/1652/998 1210/1654/998
f 1188/1629/999 1187/1627/999 1202/1653/999 1203/1638/999
f 1196/1630/1000 1195/1628/1000 1210/1654/1000 1211/1640/1000
f 1208/1650/1001 1207/1648/1001 1222/1655/1001 1223/1656/1001
f 1201/1651/1002 1200/1649/1002 1215/1657/1002 1216/1658/1002
f 1209/1652/1003 1208/1650/1003 1223/1656/1003 1224/1659/1003
f 1202/1653/1004 1201/1651/1004 1216/1658/1004 1217/1660/1004
f 1210/1654/1005 1209/1652/1005 1224/1659/1005 1225/1661/1005
f 1203/1638/1006 1202/1653/1006 1217/1660/1006 1218/1662/1006
f 1211/1640/1007 1210/1654/1007 1225/1661/1007 1226/1663/1007
f 1204/1639/1008 1203/1638/1008 1218/1662/1008 1219/1664/1008
f 1212/1641/1009 1211/1640/1009 1226/1663/1009 1227/1665/1009
f 1205/1642/1010 1204/1639/1010 1219/1664/1010 1220/1666/1010
f 1213/1643/1011 1212/1641/1011 1227/1665/1011 1228/1667/1011
f 1206/1644/1012 1205/1642/1012 1220/1666/1012 1221/1668/1012
f 1199/1646/1013 1033/1669/1013 1214/1670/1013
f 1259/1671/1014 1213/1643/1014 1228/1667/1014
f 1207/1648/1015 1206/1644/1015 1221/1668/1015 1222/1655/1015
f 1200/1649/1016 1199/1646/1016 1214/1670/1016 1215/1657/1016
f 1227/1665/1017 1226/1663/1017 1241/1672/1017 1242/1673/1017
f 1220/1666/1018 1219/1664/1018 1234/1674/1018 1235/1675/1018
f 1228/1667/1019 1227/1665/1019 1242/1673/1019 1243/1676/1019
f 1221/1668/1020 1220/1666/1020 1235/1675/1020 1236/1677/1020
f 1214/1670/1021 1033/1678/1021 1229/1679/1021
f 1259/1680/1022 1228/1667/1022 1243/1676/1022
f 1222/1655/1023 1221/1668/1023 1236/1677/1023 1237/1681/1023
f 1215/1657/1024 1214/1670/1024 1229/1679/1024 1230/1682/1024
f 1223/1656/1025 1222/1655/1025 1237/1681/1025 1238/1683/1025
f 1216/1658/1026 1215/1657/1026 1230/1682/1026 1231/1684/1026
f 1224/1659/1027 1223/1656/1027 1238/1683/1027 1239/1685/1027
f 1217/1660/1028 1216/1658/1028 1231/1684/1028 1232/1686/1028
f 1225/1661/1029 1224/1659/1029 1239/1685/1029 1240/1687/1029
f 1218/1662/1030 1217/1660/1030 1232/1686/1030 1233/1688/1030
f 1226/1663/1031 1225/1661/1031 1240/1687/1031 1241/1672/1031
f 1219/1664/1032 1218/1662/1032 1233/1688/1032 1234/1674/1032
f 1239/1685/1033 1238/1683/1033 1253/1689/1033 1254/1690/1033
f 1232/1686/1034 1231/1684/1034 1246/1691/1034 1247/1692/1034
f 1240/1687/1035 1239/1685/1035 1254/1690/1035 1255/1693/1035
f 1233/1688/1036 1232/1686/1036 1247/1692/1036 1248/1694/1036
f 1241/1672/1037 1240/1687/1037 1255/1693/1037 1256/1695/1037
f 1234/1674/1038 1233/1688/1038 1248/1694/1038 1249/1696/1038
f 1242/1673/1039 1241/1672/1039 1256/1695/1039 1257/1697/1039
f 1235/1675/1040 1234/1674/1040 1249/1696/1040 1250/1698/1040
f 1243/1676/1041 1242/1673/1041 1257/1697/1041 1258/1699/1041
f 1236/1677/1042 1235/1675/1042 1250/1698/1042 1251/1700/1042
f 1229/1679/1043 1033/1701/1043 1244/1702/1043
f 1259/1703/1044 1243/1676/1044 1258/1699/1044
f 1237/1681/1045 1236/1677/1045 1251/1700/1045 1252/1704/1045
f 1230/1682/1046 1229/1679/1046 1244/1702/1046 1245/1705/1046
f 1238/1683/1047 1237/1681/1047 1252/1704/1047 1253/1689/1047
f 1231/1684/1048 1230/1682/1048 1245/1705/1048 1246/1691/1048
f 1258/1699/1049 1257/1697/1049 1273/1706/1049 1274/1707/1049
f 1251/1700/1050 1250/1698/1050 1266/1708/1050 1267/1709/1050
f 1244/1702/1051 1033/1710/1051 1260/1711/1051
f 1259/1712/1052 1258/1699/1052 1274/1707/1052
f 1252/1704/1053 1251/1700/1053 1267/1709/1053 1268/1713/1053
f 1245/1705/1054 1244/1702/1054 1260/1711/1054 1261/1714/1054
f 1253/1689/1055 1252/1704/1055 1268/1713/1055 1269/1715/1055
f 1246/1691/1056 1245/1705/1056 1261/1714/1056 1262/1716/1056
f 1254/1690/1057 1253/1689/1057 1269/1715/1057 1270/1717/1057
f 1247/1692/1058 1246/1691/1058 1262/1716/1058 1263/1718/1058
f 1255/1693/1059 1254/1690/1059 1270/1717/1059 1271/1719/1059
f 1248/1694/1060 1247/1692/1060 1263/1718/1060 1264/1720/1060
f 1256/1695/1061 1255/1693/1061 1271/1719/1061 1272/1721/1061
f 1249/1696/1062 1248/1694/1062 1264/1720/1062 1265/1722/1062
f 1257/1697/1063 1256/1695/1063 1272/1721/1063 1273/1706/1063
f 1250/1698/1064 1249/1696/1064 1265/1722/1064 1266/1708/1064
f 1263/1718/1065 1262/1716/1065 1277/1723/1065 1278/1724/1065
f 1271/1719/1066 1270/1717/1066 1285/1725/1066 1286/1726/1066
f 1264/1720/1067 1263/1718/1067 1278/1724/1067 1279/1727/1067
f 1272/1721/1068 1271/1719/1068 1286/1726/1068 1287/1728/1068
f 1265/1722/1069 1264/1720/1069 1279/1727/1069 1280/1729/1069
f 1273/1706/1070 1272/1721/1070 1287/1728/1070 1288/1730/1070
f 1266/1708/1071 1265/1722/1071 1280/1729/1071 1281/1731/1071
f 1274/1707/1072 1273/1706/1072 1288/1730/1072 1289/1732/1072
f 1267/1709/1073 1266/1708/1073 1281/1731/1073 1282/1733/1073
f 1260/1711/1074 1033/1734/1074 1275/1735/1074
f 1259/1736/1075 1274/1707/1075 1289/1732/1075
f 1268/1713/1076 1267/1709/1076 1282/1733/1076 1283/1737/1076
f 1261/1714/1077 1260/1711/1077 1275/1735/1077 1276/1738/1077
f 1269/1715/1078 1268/1713/1078 1283/1737/1078 1284/1739/1078
f 1262/1716/1079 1261/1714/1079 1276/1738/1079 1277/1723/1079
f 1270/1717/1080 1269/1715/1080 1284/1739/1080 1285/1725/1080
f 1282/1733/1081 1281/1731/1081 1296/1740/1081 1297/1741/1081
f 1275/1735/1082 1033/1742/1082 1290/1743/1082
f 1259/1744/1083 1289/1732/1083 1304/1745/1083
f 1283/1737/1084 1282/1733/1084 1297/1741/1084 1298/1746/1084
f 1276/1738/1085 1275/1735/1085 1290/1743/1085 1291/1747/1085
f 1284/1739/1086 1283/1737/1086 1298/1746/1086 1299/1748/1086
f 1277/1723/1087 1276/1738/1087 1291/1747/1087 1292/1749/1087
f 1285/1725/1088 1284/1739/1088 1299/1748/1088 1300/1750/1088
f 1278/1724/1089 1277/1723/1089 1292/1749/1089 1293/1751/1089
f 1286/1726/1090 1285/1725/1090 1300/1750/1090 1301/1752/1090
f 1279/1727/1091 1278/1724/1091 1293/1751/1091 1294/1753/1091
f 1287/1728/1092 1286/1726/1092 1301/1752/1092 1302/1754/1092
f 1280/1729/1093 1279/1727/1093 1294/1753/1093 1295/1755/1093
f 1288/1730/1094 1287/1728/1094 1302/1754/1094 1303/1756/1094
f 1281/1731/1095 1280/1729/1095 1295/1755/1095 1296/1740/1095
f 1289/1732/1096 1288/1730/1096 1303/1756/1096 1304/1745/1096
f 1301/1752/1097 1300/1750/1097 1315/1757/1097 1316/1758/1097
f 1294/1753/1098 1293/1751/1098 1308/1759/1098 1309/1760/1098
f 1302/1754/1099 1301/1752/1099 1316/1758/1099 1317/1761/1099
f 1295/1755/1100 1294/1753/1100 1309/1760/1100 1310/1762/1100
f 1303/1756/1101 1302/1754/1101 1317/1761/1101 1318/1763/1101
f 1296/1740/1102 1295/1755/1102 1310/1762/1102 1311/1764/1102
f 1304/1745/1103 1303/1756/1103 1318/1763/1103 1319/1765/1103
f 1297/1741/1104 1296/1740/1104 1311/1764/1104 1312/1766/1104
f 1290/1743/1105 1033/1767/1105 1305/1768/1105
f 1259/1769/1106 1304/1745/1106 1319/1765/1106
f 1298/1746/1107 1297/1741/1107 1312/1766/1107 1313/1770/1107
f 1291/1747/1108 1290/1743/1108 1305/1768/1108 1306/1771/1108
f 1299/1748/1109 1298/1746/1109 1313/1770/1109 1314/1772/1109
f 1292/1749/1110 1291/1747/1110 1306/1771/1110 1307/1773/1110
f 1300/1750/1111 1299/1748/1111 1314/1772/1111 1315/1757/1111
f 1293/1751/1112 1292/1749/1112 1307/1773/1112 1308/1759/1112
f 1305/1774/1113 1033/1775/1113 1320/1776/1113
f 1259/1777/1114 1319/1778/1114 1334/1779/1114
f 1313/1780/1115 1312/1781/1115 1327/1782/1115 1328/1783/1115
f 1306/1784/1116 1305/1774/1116 1320/1776/1116 1321/1785/1116
f 1314/1786/1117 1313/1780/1117 1328/1783/1117 1329/1787/1117
f 1307/1788/1118 1306/1784/1118 1321/1785/1118 1322/1789/1118
f 1315/1790/1119 1314/1786/1119 1329/1787/1119 1330/1791/1119
f 1308/1792/1120 1307/1788/1120 1322/1789/1120 1323/1793/1120
f 1316/1794/1121 1315/1790/1121 1330/1791/1121 1331/1795/1121
f 1309/1796/1122 1308/1792/1122 1323/1793/1122 1324/1797/1122
f 1317/1798/1123 1316/1794/1123 1331/1795/1123 1332/1799/1123
f 1310/1800/1124 1309/1796/1124 1324/1797/1124 1325/1801/1124
f 1318/1802/1125 1317/1798/1125 1332/1799/1125 1333/1803/1125
f 1311/1804/1126 1310/1800/1126 1325/1801/1126 1326/1805/1126
f 1319/1778/1127 1318/1802/1127 1333/1803/1127 1334/1779/1127
f 1312/1781/1128 1311/1804/1128 1326/1805/1128 1327/1782/1128
f 1324/1797/1129 1323/1793/1129 1338/1806/1129 1339/1807/1129
f 1332/1799/1130 1331/1795/1130 1346/1808/1130 1347/1809/1130
f 1325/1801/1131 1324/1797/1131 1339/1807/1131 1340/1810/1131
f 1333/1803/1132 1332/1799/1132 1347/1809/1132 1348/1811/1132
f 1326/1805/1133 1325/1801/1133 1340/1810/1133 1341/1812/1133
f 1334/1779/1134 1333/1803/1134 1348/1811/1134 1349/1813/1134
f 1327/1782/1135 1326/1805/1135 1341/1812/1135 1342/1814/1135
f 1320/1776/1136 1033/1815/1136 1335/1816/1136
f 1259/1817/1137 1334/1779/1137 1349/1813/1137
f 1328/1783/1138 1327/1782/1138 1342/1814/1138 1343/1818/1138
f 1321/1785/1139 1320/1776/1139 1335/1816/1139 1336/1819/1139
f 1329/1787/1140 1328/1783/1140 1343/1818/1140 1344/1820/1140
f 1322/1789/1141 1321/1785/1141 1336/1819/1141 1337/1821/1141
f 1330/1791/1142 1329/1787/1142 1344/1820/1142 1345/1822/1142
f 1323/1793/1143 1322/1789/1143 1337/1821/1143 1338/1806/1143
f 1331/1795/1144 1330/1791/1144 1345/1822/1144 1346/1808/1144
f 1343/1818/1145 1342/1814/1145 1357/1823/1145 1358/1824/1145
f 1336/1819/1146 1335/1816/1146 1350/1825/1146 1351/1826/1146
f 1344/1820/1147 1343/1818/1147 1358/1824/1147 1359/1827/1147
f 1337/1821/1148 1336/1819/1148 1351/1826/1148 1352/1828/1148
f 1345/1822/1149 1344/1820/1149 1359/1827/1149 1360/1829/1149
f 1338/1806/1150 1337/1821/1150 1352/1828/1150 1353/1830/1150
f 1346/1808/1151 1345/1822/1151 1360/1829/1151 1361/1831/1151
f 1339/1807/1152 1338/1806/1152 1353/1830/1152 1354/1832/1152
f 1347/1809/1153 1346/1808/1153 1361/1831/1153 1362/1833/1153
f 1340/1810/1154 1339/1807/1154 1354/1832/1154 1355/1834/1154
f 1348/1811/1155 1347/1809/1155 1362/1833/1155 1363/1835/1155
f 1341/1812/1156 1340/1810/1156 1355/1834/1156 1356/1836/1156
f 1349/1813/1157 1348/1811/1157 1363/1835/1157 1364/1837/1157
f 1342/1814/1158 1341/1812/1158 1356/1836/1158 1357/1823/1158
f 1335/1816/1159 1033/1838/1159 1350/1825/1159
f 1259/1839/1160 1349/1813/1160 1364/1837/1160
f 1362/1833/1161 1361/1831/1161 1376/1840/1161 1377/1841/1161
f 1355/1834/1162 1354/1832/1162 1369/1842/1162 1370/1843/1162
f 1363/1835/1163 1362/1833/1163 1377/1841/1163 1378/1844/1163
f 1356/1836/1164 1355/1834/1164 1370/1843/1164 1371/1845/1164
f 1364/1837/1165 1363/1835/1165 1378/1844/1165 1379/1846/1165
f 1357/1823/1166 1356/1836/1166 1371/1845/1166 1372/1847/1166
f 1350/1825/1167 1033/1848/1167 1365/1849/1167
f 1259/1850/1168 1364/1837/1168 1379/1846/1168
f 1358/1824/1169 1357/1823/1169 1372/1847/1169 1373/1851/1169
f 1351/1826/1170 1350/1825/1170 1365/1849/1170 1366/1852/1170
f 1359/1827/1171 1358/1824/1171 1373/1851/1171 1374/1853/1171
f 1352/1828/1172 1351/1826/1172 1366/1852/1172 1367/1854/1172
f 1360/1829/1173 1359/1827/1173 1374/1853/1173 1375/1855/1173
f 1353/1830/1174 1352/1828/1174 1367/1854/1174 1368/1856/1174
f 1361/1831/1175 1360/1829/1175 1375/1855/1175 1376/1840/1175
f 1354/1832/1176 1353/1830/1176 1368/1856/1176 1369/1842/1176
f 1374/1853/1177 1373/1851/1177 1388/1857/1177 1389/1858/1177
f 1367/1854/1178 1366/1852/1178 1381/1859/1178 1382/1860/1178
f 1375/1855/1179 1374/1853/1179 1389/1858/1179 1390/1861/1179
f 1368/1856/1180 1367/1854/1180 1382/1860/1180 1383/1862/1180
f 1376/1840/1181 1375/1855/1181 1390/1861/1181 1391/1863/1181
f 1369/1842/1182 1368/1856/1182 1383/1862/1182 1384/1864/1182
f 1377/1841/1183 1376/1840/1183 1391/1863/1183 1392/1865/1183
f 1370/1843/1184 1369/1842/1184 1384/1864/1184 1385/1866/1184
f 1378/1844/1185 1377/1841/1185 1392/1865/1185 1393/1867/1185
f 1371/1845/1186 1370/1843/1186 1385/1866/1186 1386/1868/1186
f 1379/1846/1187 1378/1844/1187 1393/1867/1187 1394/1869/1187
f 1372/1847/1188 1371/1845/1188 1386/1868/1188 1387/1870/1188
f 1365/1849/1189 1033/1871/1189 1380/1872/1189
f 1259/1873/1190 1379/1846/1190 1394/1869/1190
f 1373/1851/1191 1372/1847/1191 1387/1870/1191 1388/1857/1191
f 1366/1852/1192 1365/1849/1192 1380/1872/1192 1381/1859/1192
f 1393/1867/1193 1392/1865/1193 1407/1874/1193 1408/1875/1193
f 1386/1868/1194 1385/1866/1194 1400/1876/1194 1401/1877/1194
f 1394/1869/1195 1393/1867/1195 1408/1875/1195 1409/1878/1195
f 1387/1870/1196 1386/1868/1196 1401/1877/1196 1402/1879/1196
f 1380/1872/1197 1033/1880/1197 1395/1881/1197
f 1259/1882/1198 1394/1869/1198 1409/1878/1198
f 1388/1857/1199 1387/1870/1199 1402/1879/1199 1403/1883/1199
f 1381/1859/1200 1380/1872/1200 1395/1881/1200 1396/1884/1200
f 1389/1858/1201 1388/1857/1201 1403/1883/1201 1404/1885/1201
f 1382/1860/1202 1381/1859/1202 1396/1884/1202 1397/1886/1202
f 1390/1861/1203 1389/1858/1203 1404/1885/1203 1405/1887/1203
f 1383/1862/1204 1382/1860/1204 1397/1886/1204 1398/1888/1204
f 1391/1863/1205 1390/1861/1205 1405/1887/1205 1406/1889/1205
f 1384/1864/1206 1383/1862/1206 1398/1888/1206 1399/1890/1206
f 1392/1865/1207 1391/1863/1207 1406/1889/1207 1407/1874/1207
f 1385/1866/1208 1384/1864/1208 1399/1890/1208 1400/1876/1208
f 1397/1886/1209 1396/1884/1209 1411/1891/1209 1412/1892/1209
f 1405/1887/1210 1404/1885/1210 1419/1893/1210 1420/1894/1210
f 1398/1888/1211 1397/1886/1211 1412/1892/1211 1413/1895/1211
f 1406/1889/1212 1405/1887/1212 1420/1894/1212 1421/1896/1212
f 1399/1890/1213 1398/1888/1213 1413/1895/1213 1414/1897/1213
f 1407/1874/1214 1406/1889/1214 1421/1896/1214 1422/1898/1214
f 1400/1876/1215 1399/1890/1215 1414/1897/1215 1415/1899/1215
f 1408/1875/1216 1407/1874/1216 1422/1898/1216 1423/1900/1216
f 1401/1877/1217 1400/1876/1217 1415/1899/1217 1416/1901/1217
f 1409/1878/1218 1408/1875/1218 1423/1900/1218 1424/1902/1218
f 1402/1879/1219 1401/1877/1219 1416/1901/1219 1417/1903/1219
f 1395/1881/1220 1033/1904/1220 1410/1905/1220
f 1259/1906/1221 1409/1878/1221 1424/1902/1221
f 1403/1883/1222 1402/1879/1222 1417/1903/1222 1418/1907/1222
f 1396/1884/1223 1395/1881/1223 1410/1905/1223 1411/1891/1223
f 1404/1885/1224 1403/1883/1224 1418/1907/1224 1419/1893/1224
f 1416/1901/1225 1415/1899/1225 1428/1356/1225 954/1355/1225
f 1424/1902/1226 1423/1900/1226 1432/1351/1226 1433/1359/1226
f 1417/1903/1227 1416/1901/1227 954/1355/1227 955/1361/1227
f 1410/1905/1228 1033/1908/1228 1425/1363/1228
f 1259/1909/1229 1424/1902/1229 1433/1359/1229
f 1418/1907/1230 1417/1903/1230 955/1361/1230 956/1367/1230
f 1411/1891/1231 1410/1905/1231 1425/1363/1231 1426/1369/1231
f 1419/1893/1232 1418/1907/1232 956/1367/1232 1429/1371/1232
f 1412/1892/1233 1411/1891/1233 1426/1369/1233 952/1373/1233
f 1420/1894/1234 1419/1893/1234 1429/1371/1234 957/1375/1234
f 1413/1895/1235 1412/1892/1235 952/1373/1235 1427/1377/1235
f 1421/1896/1236 1420/1894/1236 957/1375/1236 1430/1379/1236
f 1414/1897/1237 1413/1895/1237 1427/1377/1237 953/1381/1237
f 1422/1898/1238 1421/1896/1238 1430/1379/1238 1431/1352/1238
f 1415/1899/1239 1414/1897/1239 953/1381/1239 1428/1356/1239
f 1423/1900/1240 1422/1898/1240 1431/1352/1240 1432/1351/1240
o grass
v -29.651720 -0.116323 13.440889
v 54.771332 -0.116323 13.440889
v -29.651720 -0.116323 -14.529068
v 54.771332 -0.116323 -14.529068
vn -0.0000 1.0000 -0.0000
vt 0.000000 0.000000
vt 1.000000 0.000000
vt 1.000000 1.000000
vt 0.000000 1.000000
s 0
usemtl Material
f 1434/1910/1241 1435/1911/1241 1437/1912/1241 1436/1913/1241
